0,1,2,3,4,5,6,7,8,9,10,11,12,13,14,15,16,17,18,19,20,21,22,23,24,25,26,27,28,29
0.0,0.0,-55.92876591950042,3.0,0.037665912270907244,1.0,0.0,0.0,1.0,0.0,0.0,0.0,0.0,0.0,0.0,0.0,1.0,0.0,0.0,0.0,0.0,0.0,0.6217940589460986,17.0,0.0,0.0,0.0,0.0,0.0,0.0
0.0,0.0,-89.46528701836084,3.0,0.025765175476515172,0.0,0.0,1.0,0.0,0.0,0.0,0.0,0.0,0.0,0.0,1.0,0.0,0.0,0.0,0.0,0.0,0.0,0.6672228178768282,18.0,0.0,0.0,0.0,0.0,0.0,0.0
0.0,0.0,-61.95706765027606,4.0,0.035657819730764574,1.0,0.0,0.0,1.0,0.0,0.0,0.0,0.0,0.0,0.0,0.0,1.0,0.0,0.0,0.0,0.0,0.0,0.6456142172368673,19.0,0.0,0.0,0.0,0.0,0.0,0.0
0.0,0.0,-281.78855463844377,4.0,0.017287241791362883,0.0,0.0,1.0,0.0,0.0,0.0,0.0,0.0,0.0,0.0,1.0,0.0,0.0,0.0,0.0,0.0,0.0,0.9630986945858824,25.0,0.0,0.0,0.0,0.0,0.0,0.0
0.0,0.0,-60.06830969692432,4.0,0.04503148778393961,1.0,0.0,0.0,0.0,0.0,0.0,1.0,0.0,0.0,0.0,0.0,0.0,0.0,0.0,1.0,0.0,0.0,0.7494211452676438,28.0,0.0,0.0,0.0,0.0,0.0,0.0
0.0,0.0,-84.1233362942492,3.0,0.03431566994322241,1.0,0.0,0.0,0.0,1.0,0.0,0.0,0.0,0.0,0.0,0.0,0.0,1.0,0.0,0.0,0.0,0.0,0.781991655528854,29.0,0.0,0.0,0.0,0.0,0.0,0.0
0.0,0.0,-27.271678912455826,1.0,0.07525269471793923,1.0,0.0,0.0,0.0,0.0,0.0,0.0,0.0,1.0,0.0,0.0,0.0,0.0,0.0,0.0,0.0,1.0,0.6089330168545541,33.0,0.0,0.0,0.0,0.0,0.0,0.0
0.0,0.0,-41.88224288065064,3.0,0.05537973740433092,0.0,0.0,0.0,0.0,0.0,0.0,0.0,1.0,0.0,0.0,0.0,0.0,0.0,0.0,0.0,1.0,0.0,0.6703988839257496,34.0,0.0,0.0,0.0,0.0,0.0,0.0
0.0,0.0,-76.40259403913504,3.0,0.041008434204085766,1.0,0.0,0.0,0.0,0.0,0.0,1.0,0.0,0.0,0.0,0.0,0.0,0.0,0.0,1.0,0.0,0.0,0.821084564368312,35.0,0.0,0.0,0.0,0.0,0.0,0.0
0.0,0.0,-30.879493544850032,0.0,0.05805425275452652,1.0,0.0,0.0,0.0,1.0,0.0,0.0,0.0,0.0,0.0,0.0,0.0,1.0,0.0,0.0,0.0,0.0,0.545684235093574,45.0,0.0,0.0,0.0,0.0,0.0,0.0
0.0,0.0,-62.88077506480282,2.0,0.04418412488638001,1.0,0.0,0.0,0.0,0.0,0.0,1.0,0.0,0.0,0.0,0.0,0.0,0.0,0.0,1.0,0.0,0.0,0.7629450620162903,49.0,0.0,0.0,0.0,0.0,0.0,0.0
0.0,0.0,-157.09333145036695,3.0,0.03049534273883146,1.0,0.0,0.0,0.0,0.0,1.0,0.0,0.0,0.0,0.0,0.0,0.0,0.0,1.0,0.0,0.0,0.0,0.9601197603284551,56.0,0.0,0.0,0.0,0.0,0.0,0.0
0.0,0.0,-71.0624615304758,0.0,0.02909038759696286,0.0,0.0,1.0,0.0,0.0,0.0,0.0,0.0,0.0,0.0,1.0,0.0,0.0,0.0,0.0,0.0,0.0,0.6124913472317007,59.0,0.0,0.0,0.0,0.0,0.0,0.0
0.0,0.0,-48.554853462693586,3.0,0.0515937356276035,0.0,0.0,0.0,0.0,0.0,0.0,0.0,1.0,0.0,0.0,0.0,0.0,0.0,0.0,0.0,1.0,0.0,0.7100626541456745,72.0,0.0,0.0,0.0,0.0,0.0,0.0
0.0,0.0,-41.08527064805861,2.0,0.04099643304431918,0.0,0.0,1.0,0.0,0.0,0.0,0.0,0.0,0.0,0.0,1.0,0.0,0.0,0.0,0.0,0.0,0.0,0.5187191555779984,74.0,0.0,0.0,0.0,0.0,0.0,0.0
0.0,0.0,-164.5591122903619,1.0,0.03019329440930887,1.0,0.0,0.0,0.0,0.0,1.0,0.0,0.0,0.0,0.0,0.0,0.0,0.0,1.0,0.0,0.0,0.0,0.966402988911172,76.0,0.0,0.0,0.0,0.0,0.0,0.0
0.0,0.0,-27.43561116193491,1.0,0.059355999700719565,1.0,0.0,0.0,1.0,0.0,0.0,0.0,0.0,0.0,0.0,0.0,1.0,0.0,0.0,0.0,0.0,0.0,0.5047574102972363,84.0,0.0,0.0,0.0,0.0,0.0,0.0
0.0,0.0,-49.85098839166534,0.0,0.05097854139364933,0.0,0.0,0.0,0.0,0.0,0.0,0.0,1.0,0.0,0.0,0.0,0.0,0.0,0.0,0.0,1.0,0.0,0.7174591282069394,90.0,0.0,0.0,0.0,0.0,0.0,0.0
0.0,0.0,-61.62783073153292,4.0,0.03157669296941934,0.0,0.0,1.0,0.0,0.0,0.0,0.0,0.0,0.0,0.0,1.0,0.0,0.0,0.0,0.0,0.0,0.0,0.5833559228208446,105.0,0.0,0.0,0.0,0.0,0.0,0.0
0.0,0.0,-50.02134865183307,0.0,0.03593836347774854,1.0,0.0,1.0,0.0,0.0,0.0,0.0,0.0,0.0,0.0,1.0,0.0,0.0,0.0,0.0,0.0,0.0,0.5469233868965864,116.0,0.0,0.0,0.0,0.0,0.0,0.0
0.0,0.0,-58.237221881824915,2.0,0.040344653026530425,0.0,0.0,0.0,0.0,1.0,0.0,0.0,0.0,0.0,0.0,0.0,0.0,1.0,0.0,0.0,0.0,0.0,0.6770226643801565,118.0,0.0,0.0,0.0,0.0,0.0,0.0
0.0,0.0,-28.377453409538305,2.0,0.0686342343031749,1.0,0.0,0.0,0.0,0.0,0.0,0.0,1.0,0.0,0.0,0.0,0.0,0.0,0.0,0.0,1.0,0.0,0.5837597451892494,126.0,0.0,0.0,0.0,0.0,0.0,0.0
0.0,0.0,-44.603672085305966,2.0,0.03876049309615789,0.0,0.0,1.0,0.0,0.0,0.0,0.0,0.0,0.0,0.0,1.0,0.0,0.0,0.0,0.0,0.0,0.0,0.5298201707359679,130.0,0.0,0.0,0.0,0.0,0.0,0.0
0.0,0.0,-32.19466106598799,3.0,0.0565023504704596,0.0,0.0,0.0,0.0,1.0,0.0,0.0,0.0,0.0,0.0,0.0,0.0,1.0,0.0,0.0,0.0,0.0,0.552217931105828,134.0,0.0,0.0,0.0,0.0,0.0,0.0
0.0,0.0,-114.05715395772582,2.0,0.027264921405349425,0.0,0.0,0.0,1.0,0.0,0.0,0.0,0.0,0.0,0.0,0.0,1.0,0.0,0.0,0.0,0.0,0.0,0.8176224108389452,138.0,0.0,0.0,0.0,0.0,0.0,0.0
0.0,0.0,-43.45493109829527,0.0,0.04925543345090338,1.0,0.0,0.0,0.0,0.0,1.0,0.0,0.0,0.0,0.0,0.0,0.0,0.0,1.0,0.0,0.0,0.0,0.6297054859171471,143.0,0.0,0.0,0.0,0.0,0.0,0.0
0.0,0.0,-110.92765411223436,3.0,0.027540937622401625,1.0,0.0,0.0,1.0,0.0,0.0,0.0,0.0,0.0,0.0,0.0,1.0,0.0,0.0,0.0,0.0,0.0,0.8093224585544585,145.0,0.0,0.0,0.0,0.0,0.0,0.0
0.0,0.0,-57.699070266887404,2.0,0.03703202144993448,0.0,0.0,0.0,1.0,0.0,0.0,0.0,0.0,0.0,0.0,0.0,1.0,0.0,0.0,0.0,0.0,0.0,0.6288473939713628,151.0,0.0,0.0,0.0,0.0,0.0,0.0
0.0,0.0,-47.84717215010437,3.0,0.056933406717841535,0.0,0.0,0.0,0.0,0.0,0.0,0.0,0.0,1.0,0.0,0.0,0.0,0.0,0.0,0.0,0.0,1.0,0.7529977139244014,154.0,0.0,0.0,0.0,0.0,0.0,0.0
0.0,0.0,-79.35728019969699,1.0,0.027397995592186575,0.0,0.0,1.0,0.0,0.0,0.0,0.0,0.0,0.0,0.0,1.0,0.0,0.0,0.0,0.0,0.0,0.0,0.6375607056606536,197.0,0.0,0.0,0.0,0.0,0.0,0.0
0.0,0.0,-30.97271470890521,0.0,0.07011957087429707,0.0,0.0,0.0,0.0,0.0,0.0,0.0,0.0,1.0,0.0,0.0,0.0,0.0,0.0,0.0,0.0,1.0,0.6369973941287532,204.0,0.0,0.0,0.0,0.0,0.0,0.0
0.0,0.0,-46.44352282269717,0.0,0.04189833559794393,1.0,0.0,0.0,1.0,0.0,0.0,0.0,0.0,0.0,0.0,0.0,1.0,0.0,0.0,0.0,0.0,0.0,0.5833323991540671,210.0,0.0,0.0,0.0,0.0,0.0,0.0
0.0,0.0,-43.30674174687824,4.0,0.05244326515652348,1.0,0.0,0.0,0.0,0.0,0.0,1.0,0.0,0.0,0.0,0.0,0.0,0.0,0.0,1.0,0.0,0.0,0.6596441933415249,212.0,0.0,0.0,0.0,0.0,0.0,0.0
0.0,0.0,-56.38069057255865,2.0,0.033323887025281364,0.0,0.0,1.0,0.0,0.0,0.0,0.0,0.0,0.0,0.0,1.0,0.0,0.0,0.0,0.0,0.0,0.0,0.5669421259782399,215.0,0.0,0.0,0.0,0.0,0.0,0.0
0.0,0.0,-55.6833741020564,1.0,0.03358113338265722,1.0,0.0,1.0,0.0,0.0,0.0,0.0,0.0,0.0,0.0,1.0,0.0,0.0,0.0,0.0,0.0,0.0,0.564752537661106,224.0,0.0,0.0,0.0,0.0,0.0,0.0
0.0,0.0,-16.480813531248636,0.0,0.10371505593897137,1.0,0.0,0.0,0.0,0.0,0.0,0.0,0.0,1.0,0.0,0.0,0.0,0.0,0.0,0.0,0.0,1.0,0.5249469143442671,225.0,0.0,0.0,0.0,0.0,0.0,0.0
0.0,0.0,-35.594166734781126,3.0,0.05517453722078747,0.0,0.0,0.0,0.0,0.0,1.0,0.0,0.0,0.0,0.0,0.0,0.0,0.0,1.0,0.0,0.0,0.0,0.5876971870380467,235.0,0.0,0.0,0.0,0.0,0.0,0.0
0.0,0.0,-38.11267315351799,0.0,0.05609783116088924,0.0,0.0,0.0,0.0,0.0,0.0,1.0,0.0,0.0,0.0,0.0,0.0,0.0,0.0,1.0,0.0,0.0,0.6291566163244355,239.0,0.0,0.0,0.0,0.0,0.0,0.0
0.0,0.0,-168.02108863628501,2.0,0.03330230342340244,0.0,0.0,0.0,0.0,0.0,0.0,1.0,0.0,0.0,0.0,0.0,0.0,0.0,0.0,1.0,0.0,0.0,0.9817657557369917,243.0,0.0,0.0,0.0,0.0,0.0,0.0
0.0,0.0,-29.40958882945524,1.0,0.05995548687351884,0.0,0.0,0.0,0.0,1.0,0.0,0.0,0.0,0.0,0.0,0.0,0.0,1.0,0.0,0.0,0.0,0.0,0.5383814205449561,248.0,0.0,0.0,0.0,0.0,0.0,0.0
0.0,0.0,-39.12405312299273,4.0,0.05006973604493667,1.0,0.0,0.0,0.0,1.0,0.0,0.0,0.0,0.0,0.0,0.0,0.0,1.0,0.0,0.0,0.0,0.0,0.5864946517003707,251.0,0.0,0.0,0.0,0.0,0.0,0.0
0.0,0.0,-27.29578833410556,1.0,0.05540316665482485,0.0,0.0,1.0,0.0,0.0,0.0,0.0,0.0,0.0,0.0,1.0,0.0,0.0,0.0,0.0,0.0,0.0,0.4757278924779126,255.0,0.0,0.0,0.0,0.0,0.0,0.0
0.0,0.0,-82.28937628115469,1.0,0.031085019627149043,1.0,0.0,0.0,1.0,0.0,0.0,0.0,0.0,0.0,0.0,0.0,1.0,0.0,0.0,0.0,0.0,0.0,0.72081924467049,256.0,0.0,0.0,0.0,0.0,0.0,0.0
0.0,0.0,-29.52053853475862,4.0,0.06502595671889488,0.0,0.0,0.0,0.0,0.0,0.0,1.0,0.0,0.0,0.0,0.0,0.0,0.0,0.0,1.0,0.0,0.0,0.576925132182674,261.0,0.0,0.0,0.0,0.0,0.0,0.0
0.0,0.0,-75.57287482068703,2.0,0.038020920220791114,0.0,0.0,0.0,0.0,0.0,1.0,0.0,0.0,0.0,0.0,0.0,0.0,0.0,1.0,0.0,0.0,0.0,0.7796988586811602,264.0,0.0,0.0,0.0,0.0,0.0,0.0
0.0,0.0,-52.858184579424154,4.0,0.038867591500334864,0.0,0.0,0.0,1.0,0.0,0.0,0.0,0.0,0.0,0.0,0.0,1.0,0.0,0.0,0.0,0.0,0.0,0.6094574986264483,274.0,0.0,0.0,0.0,0.0,0.0,0.0
0.0,0.0,-105.56350572538558,2.0,0.02805372940053941,1.0,0.0,0.0,1.0,0.0,0.0,0.0,0.0,0.0,0.0,0.0,1.0,0.0,0.0,0.0,0.0,0.0,0.7944583891681284,275.0,0.0,0.0,0.0,0.0,0.0,0.0
0.0,0.0,-54.06470900557809,2.0,0.047145122074872085,0.0,0.0,0.0,0.0,0.0,0.0,1.0,0.0,0.0,0.0,0.0,0.0,0.0,0.0,1.0,0.0,0.0,0.7189884240684367,287.0,0.0,0.0,0.0,0.0,0.0,0.0
0.0,0.0,-90.95440943251415,1.0,0.02976951486699932,0.0,0.0,0.0,1.0,0.0,0.0,0.0,0.0,0.0,0.0,0.0,1.0,0.0,0.0,0.0,0.0,0.0,0.7499284511855309,290.0,0.0,0.0,0.0,0.0,0.0,0.0
0.0,0.0,-71.04839092113139,3.0,0.033283199982609334,1.0,0.0,0.0,1.0,0.0,0.0,0.0,0.0,0.0,0.0,0.0,1.0,0.0,0.0,0.0,0.0,0.0,0.6803280709734474,296.0,0.0,0.0,0.0,0.0,0.0,0.0
0.0,0.0,-60.70801782858003,4.0,0.04483162681037499,1.0,0.0,0.0,0.0,0.0,0.0,1.0,0.0,0.0,0.0,0.0,0.0,0.0,0.0,1.0,0.0,0.0,0.7525392716200892,301.0,0.0,0.0,0.0,0.0,0.0,0.0
0.0,0.0,-89.67312825752056,1.0,0.025735522411141167,0.0,0.0,1.0,0.0,0.0,0.0,0.0,0.0,0.0,0.0,1.0,0.0,0.0,0.0,0.0,0.0,0.0,0.667821154444221,308.0,0.0,0.0,0.0,0.0,0.0,0.0
0.0,0.0,-51.101478884538636,0.0,0.0483768477658264,1.0,0.0,0.0,0.0,0.0,0.0,1.0,0.0,0.0,0.0,0.0,0.0,0.0,0.0,1.0,0.0,0.0,0.7032224811167614,315.0,0.0,0.0,0.0,0.0,0.0,0.0
0.0,0.0,-59.77604973342795,0.0,0.03215791328134504,0.0,0.0,1.0,0.0,0.0,0.0,0.0,0.0,0.0,0.0,1.0,0.0,0.0,0.0,0.0,0.0,0.0,0.5775771283395255,318.0,0.0,0.0,0.0,0.0,0.0,0.0
0.0,0.0,-76.36105351756324,3.0,0.0279663501354073,0.0,0.0,1.0,0.0,0.0,0.0,0.0,0.0,0.0,0.0,1.0,0.0,0.0,0.0,0.0,0.0,0.0,0.6285735183651563,323.0,0.0,0.0,0.0,0.0,0.0,0.0
0.0,0.0,-80.3355896883319,1.0,0.031421935607455126,1.0,0.0,0.0,1.0,0.0,0.0,0.0,0.0,0.0,0.0,0.0,1.0,0.0,0.0,0.0,0.0,0.0,0.7139940090703337,324.0,0.0,0.0,0.0,0.0,0.0,0.0
0.0,0.0,-22.752993006742198,1.0,0.06821839545374273,1.0,0.0,0.0,1.0,0.0,0.0,0.0,0.0,0.0,0.0,0.0,1.0,0.0,0.0,0.0,0.0,0.0,0.4856876015798369,327.0,0.0,0.0,0.0,0.0,0.0,0.0
0.0,0.0,-40.55690739019299,0.0,0.0542592990999155,0.0,0.0,0.0,0.0,0.0,0.0,1.0,0.0,0.0,0.0,0.0,0.0,0.0,0.0,1.0,0.0,0.0,0.6436292995833068,331.0,0.0,0.0,0.0,0.0,0.0,0.0
0.0,0.0,-82.2098669107298,4.0,0.03997723085645701,1.0,0.0,0.0,0.0,0.0,0.0,1.0,0.0,0.0,0.0,0.0,0.0,0.0,0.0,1.0,0.0,0.0,0.8425181399485417,340.0,0.0,0.0,0.0,0.0,0.0,0.0
0.0,0.0,-82.36071030127094,3.0,0.0310730285503479,0.0,0.0,0.0,1.0,0.0,0.0,0.0,0.0,0.0,0.0,0.0,1.0,0.0,0.0,0.0,0.0,0.0,0.7210666661932555,346.0,0.0,0.0,0.0,0.0,0.0,0.0
0.0,0.0,-59.32651283615911,3.0,0.05234460520691918,0.0,0.0,0.0,0.0,0.0,0.0,0.0,0.0,1.0,0.0,0.0,0.0,0.0,0.0,0.0,0.0,1.0,0.8169748865351055,347.0,0.0,0.0,0.0,0.0,0.0,0.0
0.0,0.0,-40.11705151396248,3.0,0.045850593765641504,1.0,0.0,0.0,1.0,0.0,0.0,0.0,0.0,0.0,0.0,0.0,1.0,0.0,0.0,0.0,0.0,0.0,0.5572361894217862,350.0,0.0,0.0,0.0,0.0,0.0,0.0
0.0,0.0,-26.684102626683128,3.0,0.05639240757079262,1.0,0.0,1.0,0.0,0.0,0.0,0.0,0.0,0.0,0.0,1.0,0.0,0.0,0.0,0.0,0.0,0.0,0.47385957520217303,356.0,0.0,0.0,0.0,0.0,0.0,0.0
0.0,0.0,-47.550401623729236,1.0,0.03714493251604817,1.0,0.0,1.0,0.0,0.0,0.0,0.0,0.0,0.0,0.0,1.0,0.0,0.0,0.0,0.0,0.0,0.0,0.5391244902843602,367.0,0.0,0.0,0.0,0.0,0.0,0.0
0.0,0.0,-53.26883624083687,4.0,0.05451012890204474,0.0,0.0,0.0,0.0,0.0,0.0,0.0,0.0,1.0,0.0,0.0,0.0,0.0,0.0,0.0,0.0,1.0,0.7848662203070021,380.0,0.0,0.0,0.0,0.0,0.0,0.0
0.0,0.0,-30.345839589929682,1.0,0.05872289807044056,0.0,0.0,0.0,0.0,1.0,0.0,0.0,0.0,0.0,0.0,0.0,0.0,1.0,0.0,0.0,0.0,0.0,0.5430327070165638,383.0,0.0,0.0,0.0,0.0,0.0,0.0
0.0,0.0,-40.182218551475046,0.0,0.04928522865300419,0.0,0.0,0.0,0.0,1.0,0.0,0.0,0.0,0.0,0.0,0.0,0.0,1.0,0.0,0.0,0.0,0.0,0.591688975016815,392.0,0.0,0.0,0.0,0.0,0.0,0.0
0.0,0.0,-99.34717430520548,0.0,0.024494905060679355,1.0,0.0,1.0,0.0,0.0,0.0,0.0,0.0,0.0,0.0,1.0,0.0,0.0,0.0,0.0,0.0,0.0,0.6950978433576428,395.0,0.0,0.0,0.0,0.0,0.0,0.0
0.0,0.0,-199.57023713061926,4.0,0.018840001515489268,0.0,0.0,1.0,0.0,0.0,0.0,0.0,0.0,0.0,0.0,1.0,0.0,0.0,0.0,0.0,0.0,0.0,0.8957122828021211,400.0,0.0,0.0,0.0,0.0,0.0,0.0
0.0,0.0,-47.24919830812596,0.0,0.052248477317733306,1.0,0.0,0.0,0.0,0.0,0.0,0.0,1.0,0.0,0.0,0.0,0.0,0.0,0.0,0.0,1.0,0.0,0.7025061814603363,405.0,0.0,0.0,0.0,0.0,0.0,0.0
0.0,0.0,-35.104798340053165,1.0,0.05563212013853599,1.0,0.0,0.0,0.0,0.0,1.0,0.0,0.0,0.0,0.0,0.0,0.0,0.0,1.0,0.0,0.0,0.0,0.5850444560856886,410.0,0.0,0.0,0.0,0.0,0.0,0.0
0.0,0.0,-65.67405072310058,4.0,0.038112700227029284,1.0,0.0,0.0,0.0,1.0,0.0,0.0,0.0,0.0,0.0,0.0,0.0,1.0,0.0,0.0,0.0,0.0,0.7096278899603579,411.0,0.0,0.0,0.0,0.0,0.0,0.0
0.0,0.0,-59.70044085715048,3.0,0.045148420948438475,0.0,0.0,0.0,0.0,0.0,0.0,1.0,0.0,0.0,0.0,0.0,0.0,0.0,0.0,1.0,0.0,0.0,0.7476169400785838,414.0,0.0,0.0,0.0,0.0,0.0,0.0
0.0,0.0,-36.48049640146911,4.0,0.052231484779674785,1.0,0.0,0.0,0.0,1.0,0.0,0.0,0.0,0.0,0.0,0.0,0.0,1.0,0.0,0.0,0.0,0.0,0.5734625786860643,420.0,0.0,0.0,0.0,0.0,0.0,0.0
0.0,0.0,-73.44692962651825,1.0,0.038454058833808015,0.0,0.0,0.0,0.0,0.0,1.0,0.0,0.0,0.0,0.0,0.0,0.0,0.0,1.0,0.0,0.0,0.0,0.7711638532939749,421.0,0.0,0.0,0.0,0.0,0.0,0.0
0.0,0.0,-15.633440571017266,4.0,0.09211588918493142,0.0,0.0,0.0,1.0,0.0,0.0,0.0,0.0,0.0,0.0,0.0,1.0,0.0,0.0,0.0,0.0,0.0,0.45776348627759167,426.0,0.0,0.0,0.0,0.0,0.0,0.0
0.0,0.0,-121.04936329705752,1.0,0.0357224655633584,0.0,0.0,0.0,0.0,0.0,0.0,1.0,0.0,0.0,0.0,0.0,0.0,0.0,0.0,1.0,0.0,0.0,0.937891056377095,437.0,0.0,0.0,0.0,0.0,0.0,0.0
0.0,0.0,-58.85048588076369,2.0,0.04230420546653314,1.0,0.0,0.0,0.0,0.0,1.0,0.0,0.0,0.0,0.0,0.0,0.0,0.0,1.0,0.0,0.0,0.0,0.7068605839526021,446.0,0.0,0.0,0.0,0.0,0.0,0.0
0.0,0.0,-57.74728414877947,4.0,0.052863558749005536,1.0,0.0,0.0,0.0,0.0,0.0,0.0,0.0,1.0,0.0,0.0,0.0,0.0,0.0,0.0,0.0,1.0,0.8089634608105092,448.0,0.0,0.0,0.0,0.0,0.0,0.0
0.0,0.0,-95.07820510633883,3.0,0.02501066393459813,0.0,0.0,1.0,0.0,0.0,0.0,0.0,0.0,0.0,0.0,1.0,0.0,0.0,0.0,0.0,0.0,0.0,0.683203060519664,451.0,0.0,0.0,0.0,0.0,0.0,0.0
0.0,0.0,-90.82564575166442,4.0,0.040788665482034796,0.0,0.0,0.0,0.0,0.0,0.0,0.0,1.0,0.0,0.0,0.0,0.0,0.0,0.0,0.0,1.0,0.0,0.8904376187310837,452.0,0.0,0.0,0.0,0.0,0.0,0.0
0.0,0.0,-102.4344440354778,4.0,0.03414798649147756,1.0,0.0,0.0,0.0,0.0,1.0,0.0,0.0,0.0,0.0,0.0,0.0,0.0,1.0,0.0,0.0,0.0,0.8685835050064736,460.0,0.0,0.0,0.0,0.0,0.0,0.0
0.0,0.0,-35.61829968921883,0.0,0.05515230188413385,1.0,0.0,0.0,0.0,0.0,1.0,0.0,0.0,0.0,0.0,0.0,0.0,0.0,1.0,0.0,0.0,0.0,0.5878279162861766,462.0,0.0,0.0,0.0,0.0,0.0,0.0
0.0,0.0,-51.11820298543842,2.0,0.048369484990396804,1.0,0.0,0.0,0.0,0.0,0.0,1.0,0.0,0.0,0.0,0.0,0.0,0.0,0.0,1.0,0.0,0.0,0.7033127753127966,468.0,0.0,0.0,0.0,0.0,0.0,0.0
0.0,0.0,-114.05859131302557,0.0,0.036263558370071204,0.0,0.0,0.0,0.0,0.0,0.0,1.0,0.0,0.0,0.0,0.0,0.0,0.0,0.0,1.0,0.0,0.0,0.9259947460804316,479.0,0.0,0.0,0.0,0.0,0.0,0.0
0.0,0.0,-23.2812437596504,3.0,0.07264954843360928,1.0,0.0,0.0,0.0,0.0,1.0,0.0,0.0,0.0,0.0,0.0,0.0,0.0,1.0,0.0,0.0,0.0,0.5204720320154568,484.0,0.0,0.0,0.0,0.0,0.0,0.0
0.0,0.0,-117.36287713849984,1.0,0.022739616166418425,1.0,0.0,1.0,0.0,0.0,0.0,0.0,0.0,0.0,0.0,1.0,0.0,0.0,0.0,0.0,0.0,0.0,0.7425660930646967,488.0,0.0,0.0,0.0,0.0,0.0,0.0
0.0,0.0,-39.60279606336563,4.0,0.056972423626871764,1.0,0.0,0.0,0.0,0.0,0.0,0.0,1.0,0.0,0.0,0.0,0.0,0.0,0.0,0.0,1.0,0.0,0.656295611307099,495.0,0.0,0.0,0.0,0.0,0.0,0.0
0.0,0.0,-44.4319697000434,0.0,0.04303146005151779,1.0,0.0,0.0,1.0,0.0,0.0,0.0,0.0,0.0,0.0,0.0,1.0,0.0,0.0,0.0,0.0,0.0,0.5750620077174802,504.0,0.0,0.0,0.0,0.0,0.0,0.0
0.0,0.0,-30.253622723725616,4.0,0.06607203245027087,0.0,0.0,0.0,0.0,0.0,0.0,0.0,1.0,0.0,0.0,0.0,0.0,0.0,0.0,0.0,1.0,0.0,0.5961576171196986,506.0,0.0,0.0,0.0,0.0,0.0,0.0
0.0,0.0,-89.43645247803789,3.0,0.02998104579552614,1.0,0.0,0.0,1.0,0.0,0.0,0.0,0.0,0.0,0.0,0.0,1.0,0.0,0.0,0.0,0.0,0.0,0.7449695632674576,509.0,0.0,0.0,0.0,0.0,0.0,0.0
0.0,0.0,-74.08898895762509,3.0,0.028428405785296124,1.0,0.0,1.0,0.0,0.0,0.0,0.0,0.0,0.0,0.0,1.0,0.0,0.0,0.0,0.0,0.0,0.0,0.6217055975408808,523.0,0.0,0.0,0.0,0.0,0.0,0.0
0.0,0.0,-60.237213869066125,1.0,0.036189126741016105,0.0,0.0,0.0,1.0,0.0,0.0,0.0,0.0,0.0,0.0,0.0,1.0,0.0,0.0,0.0,0.0,0.0,0.6388772140407512,567.0,0.0,0.0,0.0,0.0,0.0,0.0
0.0,0.0,-36.43109407983965,3.0,0.05442087563703208,0.0,0.0,0.0,0.0,0.0,1.0,0.0,0.0,0.0,0.0,0.0,0.0,0.0,1.0,0.0,0.0,0.0,0.5922257363798906,574.0,0.0,0.0,0.0,0.0,0.0,0.0
0.0,0.0,-39.78881699648608,4.0,0.04609039294774513,0.0,0.0,0.0,1.0,0.0,0.0,0.0,0.0,0.0,0.0,0.0,1.0,0.0,0.0,0.0,0.0,0.0,0.5558767042894615,580.0,0.0,0.0,0.0,0.0,0.0,0.0
0.0,0.0,-69.50803530786564,1.0,0.03932911366235088,1.0,0.0,0.0,0.0,0.0,1.0,0.0,0.0,0.0,0.0,0.0,0.0,0.0,1.0,0.0,0.0,0.0,0.7547764758091287,588.0,0.0,0.0,0.0,0.0,0.0,0.0
0.0,0.0,-45.809556642781274,3.0,0.05799787479518072,0.0,0.0,0.0,0.0,0.0,0.0,0.0,0.0,1.0,0.0,0.0,0.0,0.0,0.0,0.0,0.0,1.0,0.7402789719140604,591.0,0.0,0.0,0.0,0.0,0.0,0.0
0.0,0.0,-52.03556560963955,3.0,0.035040413886647345,1.0,0.0,1.0,0.0,0.0,0.0,0.0,0.0,0.0,0.0,1.0,0.0,0.0,0.0,0.0,0.0,0.0,0.5532744737133597,594.0,0.0,0.0,0.0,0.0,0.0,0.0
0.0,0.0,-46.44046497382193,4.0,0.03772914730050074,1.0,0.0,1.0,0.0,0.0,0.0,0.0,0.0,0.0,0.0,1.0,0.0,0.0,0.0,0.0,0.0,0.0,0.5356198655413411,596.0,0.0,0.0,0.0,0.0,0.0,0.0
0.0,0.0,-24.910662594610542,3.0,0.069328590145762,1.0,0.0,0.0,0.0,0.0,1.0,0.0,0.0,0.0,0.0,0.0,0.0,0.0,1.0,0.0,0.0,0.0,0.5293619795751227,608.0,0.0,0.0,0.0,0.0,0.0,0.0
0.0,0.0,-54.61499331551752,0.0,0.04897474053413247,0.0,0.0,0.0,0.0,0.0,0.0,0.0,1.0,0.0,0.0,0.0,0.0,0.0,0.0,0.0,1.0,0.0,0.7437053599494925,612.0,0.0,0.0,0.0,0.0,0.0,0.0
0.0,0.0,-27.867470649121543,4.0,0.06430815239113995,1.0,0.0,0.0,0.0,0.0,1.0,0.0,0.0,0.0,0.0,0.0,0.0,0.0,1.0,0.0,0.0,0.0,0.5455403490703514,614.0,0.0,0.0,0.0,0.0,0.0,0.0
0.0,0.0,-56.61047920038372,4.0,0.04619251460088691,0.0,0.0,0.0,0.0,0.0,0.0,1.0,0.0,0.0,0.0,0.0,0.0,0.0,0.0,1.0,0.0,0.0,0.7321468987463845,626.0,0.0,0.0,0.0,0.0,0.0,0.0
0.0,0.0,-45.54305539008376,0.0,0.04803155337851711,1.0,0.0,0.0,0.0,0.0,1.0,0.0,0.0,0.0,0.0,0.0,0.0,0.0,1.0,0.0,0.0,0.0,0.6406222218243465,627.0,0.0,0.0,0.0,0.0,0.0,0.0
0.0,0.0,-79.87562254034376,3.0,0.037217317753604706,1.0,0.0,0.0,0.0,0.0,1.0,0.0,0.0,0.0,0.0,0.0,0.0,0.0,1.0,0.0,0.0,0.0,0.7962985135999874,639.0,0.0,0.0,0.0,0.0,0.0,0.0
0.0,0.0,-38.35327146979021,1.0,0.04301883896060603,0.0,0.0,1.0,0.0,0.0,0.0,0.0,0.0,0.0,0.0,1.0,0.0,0.0,0.0,0.0,0.0,0.0,0.5101174429305868,648.0,0.0,0.0,0.0,0.0,0.0,0.0
0.0,0.0,-64.00447722743053,3.0,0.030880522151192826,0.0,0.0,1.0,0.0,0.0,0.0,0.0,0.0,0.0,0.0,1.0,0.0,0.0,0.0,0.0,0.0,0.0,0.5907468726638859,659.0,0.0,0.0,0.0,0.0,0.0,0.0
0.0,0.0,-37.08889985118523,0.0,0.06391966008473031,1.0,0.0,0.0,0.0,0.0,0.0,0.0,0.0,1.0,0.0,0.0,0.0,0.0,0.0,0.0,0.0,1.0,0.6816298261235008,670.0,0.0,0.0,0.0,0.0,0.0,0.0
0.0,0.0,-43.48275913216172,1.0,0.03943314624222569,1.0,0.0,1.0,0.0,0.0,0.0,0.0,0.0,0.0,0.0,1.0,0.0,0.0,0.0,0.0,0.0,0.0,0.5262817767765195,672.0,0.0,0.0,0.0,0.0,0.0,0.0
0.0,0.0,-22.751155308067972,2.0,0.0838358485570219,1.0,0.0,0.0,0.0,0.0,0.0,0.0,0.0,1.0,0.0,0.0,0.0,0.0,0.0,0.0,0.0,1.0,0.5739350649898505,675.0,0.0,0.0,0.0,0.0,0.0,0.0
0.0,0.0,-64.59671058645588,1.0,0.040574760432814765,1.0,0.0,0.0,0.0,0.0,1.0,0.0,0.0,0.0,0.0,0.0,0.0,0.0,1.0,0.0,0.0,0.0,0.7333249698629971,681.0,0.0,0.0,0.0,0.0,0.0,0.0
0.0,0.0,-25.141111238248094,1.0,0.0789067864168606,0.0,0.0,0.0,0.0,0.0,0.0,0.0,0.0,1.0,0.0,0.0,0.0,0.0,0.0,0.0,0.0,1.0,0.5925136274961429,684.0,0.0,0.0,0.0,0.0,0.0,0.0
0.0,0.0,-25.125049069824556,3.0,0.05913505178738517,1.0,0.0,1.0,0.0,0.0,0.0,0.0,0.0,0.0,0.0,1.0,0.0,0.0,0.0,0.0,0.0,0.0,0.4691226332221172,700.0,0.0,0.0,0.0,0.0,0.0,0.0
0.0,0.0,-42.765240205504334,3.0,0.04405214859411901,0.0,0.0,0.0,1.0,0.0,0.0,0.0,0.0,0.0,0.0,0.0,1.0,0.0,0.0,0.0,0.0,0.0,0.5681881870127975,701.0,0.0,0.0,0.0,0.0,0.0,0.0
0.0,0.0,-92.25056192200049,1.0,0.029594565504418698,0.0,0.0,0.0,1.0,0.0,0.0,0.0,0.0,0.0,0.0,0.0,1.0,0.0,0.0,0.0,0.0,0.0,0.754114342826904,704.0,0.0,0.0,0.0,0.0,0.0,0.0
0.0,0.0,-49.938982003927705,1.0,0.040149036257274506,1.0,0.0,0.0,1.0,0.0,0.0,0.0,0.0,0.0,0.0,0.0,1.0,0.0,0.0,0.0,0.0,0.0,0.5976214192534984,706.0,0.0,0.0,0.0,0.0,0.0,0.0
0.0,0.0,-41.65645366951635,1.0,0.055529565240048616,0.0,0.0,0.0,0.0,0.0,0.0,0.0,1.0,0.0,0.0,0.0,0.0,0.0,0.0,0.0,1.0,0.0,0.6690135440712901,712.0,0.0,0.0,0.0,0.0,0.0,0.0
0.0,0.0,-35.80945330829351,0.0,0.04518271851025388,1.0,0.0,1.0,0.0,0.0,0.0,0.0,0.0,0.0,0.0,1.0,0.0,0.0,0.0,0.0,0.0,0.0,0.5021326211675876,713.0,0.0,0.0,0.0,0.0,0.0,0.0
0.0,0.0,-48.350996231285905,2.0,0.04439961348302344,1.0,0.0,0.0,0.0,1.0,0.0,0.0,0.0,0.0,0.0,0.0,0.0,1.0,0.0,0.0,0.0,0.0,0.6311905380848852,720.0,0.0,0.0,0.0,0.0,0.0,0.0
0.0,0.0,-22.52262439783065,0.0,0.07436244446922376,1.0,0.0,0.0,0.0,0.0,1.0,0.0,0.0,0.0,0.0,0.0,0.0,0.0,1.0,0.0,0.0,0.0,0.5163440484089449,742.0,0.0,0.0,0.0,0.0,0.0,0.0
0.0,0.0,-81.87836796133065,4.0,0.02695242879161311,0.0,0.0,1.0,0.0,0.0,0.0,0.0,0.0,0.0,0.0,1.0,0.0,0.0,0.0,0.0,0.0,0.0,0.6450573429422516,744.0,0.0,0.0,0.0,0.0,0.0,0.0
0.0,0.0,-39.18509335984284,3.0,0.05002331363137658,1.0,0.0,0.0,0.0,1.0,0.0,0.0,0.0,0.0,0.0,0.0,0.0,1.0,0.0,0.0,0.0,0.0,0.5867946641323263,747.0,0.0,0.0,0.0,0.0,0.0,0.0
0.0,0.0,-28.05129212363033,0.0,0.05424173554254549,0.0,0.0,1.0,0.0,0.0,0.0,0.0,0.0,0.0,0.0,1.0,0.0,0.0,0.0,0.0,0.0,0.0,0.4780423460058505,751.0,0.0,0.0,0.0,0.0,0.0,0.0
0.0,0.0,-157.34178304485744,2.0,0.024615656835468094,0.0,0.0,0.0,1.0,0.0,0.0,0.0,0.0,0.0,0.0,0.0,1.0,0.0,0.0,0.0,0.0,0.0,0.9058200562096757,773.0,0.0,0.0,0.0,0.0,0.0,0.0
0.0,0.0,-33.77285737663183,3.0,0.05132271725778788,1.0,0.0,0.0,1.0,0.0,0.0,0.0,0.0,0.0,0.0,0.0,1.0,0.0,0.0,0.0,0.0,0.0,0.530929681952903,776.0,0.0,0.0,0.0,0.0,0.0,0.0
0.0,0.0,-41.45881739042481,2.0,0.050542657285297186,1.0,0.0,0.0,0.0,0.0,1.0,0.0,0.0,0.0,0.0,0.0,0.0,0.0,1.0,0.0,0.0,0.0,0.6191638919086675,788.0,0.0,0.0,0.0,0.0,0.0,0.0
0.0,0.0,-25.04430400181746,4.0,0.0721509039079271,1.0,0.0,0.0,0.0,0.0,0.0,1.0,0.0,0.0,0.0,0.0,0.0,0.0,0.0,1.0,0.0,0.0,0.5492228681364834,799.0,0.0,0.0,0.0,0.0,0.0,0.0
0.0,0.0,-58.76508140338507,2.0,0.03666900526851611,0.0,0.0,0.0,1.0,0.0,0.0,0.0,0.0,0.0,0.0,0.0,1.0,0.0,0.0,0.0,0.0,0.0,0.6330721512037143,801.0,0.0,0.0,0.0,0.0,0.0,0.0
0.0,0.0,-20.394324695992665,3.0,0.07425332720583795,1.0,0.0,0.0,1.0,0.0,0.0,0.0,0.0,0.0,0.0,0.0,1.0,0.0,0.0,0.0,0.0,0.0,0.4762450355175407,802.0,0.0,0.0,0.0,0.0,0.0,0.0
0.0,0.0,-71.23895427828535,1.0,0.03324002472563782,0.0,0.0,0.0,1.0,0.0,0.0,0.0,0.0,0.0,0.0,0.0,1.0,0.0,0.0,0.0,0.0,0.0,0.6810381211574621,805.0,0.0,0.0,0.0,0.0,0.0,0.0
0.0,0.0,-64.43364467097875,0.0,0.030760342493418573,0.0,0.0,1.0,0.0,0.0,0.0,0.0,0.0,0.0,0.0,1.0,0.0,0.0,0.0,0.0,0.0,0.0,0.5920781599935528,809.0,0.0,0.0,0.0,0.0,0.0,0.0
0.0,0.0,-48.498532019853705,0.0,0.05162123302163887,1.0,0.0,0.0,0.0,0.0,0.0,0.0,1.0,0.0,0.0,0.0,0.0,0.0,0.0,0.0,1.0,0.0,0.7097388622981475,816.0,0.0,0.0,0.0,0.0,0.0,0.0
0.0,0.0,-99.99975902144003,0.0,0.02442001882152516,0.0,0.0,1.0,0.0,0.0,0.0,0.0,0.0,0.0,0.0,1.0,0.0,0.0,0.0,0.0,0.0,0.0,0.6968955516040378,817.0,0.0,0.0,0.0,0.0,0.0,0.0
0.0,0.0,-38.272312475184634,2.0,0.05597045418960161,0.0,0.0,0.0,0.0,0.0,0.0,1.0,0.0,0.0,0.0,0.0,0.0,0.0,0.0,1.0,0.0,0.0,0.6301081485975883,818.0,0.0,0.0,0.0,0.0,0.0,0.0
0.0,0.0,-27.62897715414615,3.0,0.054883015085830746,0.0,0.0,1.0,0.0,0.0,0.0,0.0,0.0,0.0,0.0,1.0,0.0,0.0,0.0,0.0,0.0,0.0,0.47674769857966315,847.0,0.0,0.0,0.0,0.0,0.0,0.0
0.0,0.0,-181.24225622960668,1.0,0.01939084646106264,0.0,0.0,1.0,0.0,0.0,0.0,0.0,0.0,0.0,0.0,1.0,0.0,0.0,0.0,0.0,0.0,0.0,0.8704567024936904,848.0,0.0,0.0,0.0,0.0,0.0,0.0
0.0,0.0,-85.17724389063153,1.0,0.026409800640095654,0.0,0.0,1.0,0.0,0.0,0.0,0.0,0.0,0.0,0.0,1.0,0.0,0.0,0.0,0.0,0.0,0.0,0.6547706669341326,856.0,0.0,0.0,0.0,0.0,0.0,0.0
0.0,0.0,-93.82159727468922,1.0,0.025171599215612874,0.0,0.0,1.0,0.0,0.0,0.0,0.0,0.0,0.0,0.0,1.0,0.0,0.0,0.0,0.0,0.0,0.0,0.6796582561605845,860.0,0.0,0.0,0.0,0.0,0.0,0.0
0.0,0.0,-98.68818341551895,1.0,0.024571552118194593,0.0,0.0,1.0,0.0,0.0,0.0,0.0,0.0,0.0,0.0,1.0,0.0,0.0,0.0,0.0,0.0,0.0,0.6932768637464566,866.0,0.0,0.0,0.0,0.0,0.0,0.0
0.0,0.0,-173.0630954857638,4.0,0.023996086401682295,1.0,0.0,0.0,1.0,0.0,0.0,0.0,0.0,0.0,0.0,0.0,1.0,0.0,0.0,0.0,0.0,0.0,0.9271288054233324,867.0,0.0,0.0,0.0,0.0,0.0,0.0
0.0,0.0,-70.95054313899513,2.0,0.029115963455291494,0.0,0.0,1.0,0.0,0.0,0.0,0.0,0.0,0.0,0.0,1.0,0.0,0.0,0.0,0.0,0.0,0.0,0.6121492462195148,873.0,0.0,0.0,0.0,0.0,0.0,0.0
0.0,0.0,-55.238708911726064,1.0,0.03374860065576696,1.0,0.0,1.0,0.0,0.0,0.0,0.0,0.0,0.0,0.0,1.0,0.0,0.0,0.0,0.0,0.0,0.0,0.5633554288264906,875.0,0.0,0.0,0.0,0.0,0.0,0.0
0.0,0.0,-314.0043026476434,4.0,0.016909946951703204,0.0,0.0,1.0,0.0,0.0,0.0,0.0,0.0,0.0,0.0,1.0,0.0,0.0,0.0,0.0,0.0,0.0,0.9758814106472607,880.0,0.0,0.0,0.0,0.0,0.0,0.0
0.0,0.0,-49.816956443352076,2.0,0.04895749592524237,0.0,0.0,0.0,0.0,0.0,0.0,1.0,0.0,0.0,0.0,0.0,0.0,0.0,0.0,1.0,0.0,0.0,0.6962440219070708,883.0,0.0,0.0,0.0,0.0,0.0,0.0
0.0,0.0,-92.63224348136067,1.0,0.02532801835054597,0.0,0.0,1.0,0.0,0.0,0.0,0.0,0.0,0.0,0.0,1.0,0.0,0.0,0.0,0.0,0.0,0.0,0.6762854738701929,892.0,0.0,0.0,0.0,0.0,0.0,0.0
0.0,0.0,-77.45590753248241,1.0,0.042882223720374334,1.0,0.0,0.0,0.0,0.0,0.0,0.0,1.0,0.0,0.0,0.0,0.0,0.0,0.0,0.0,1.0,0.0,0.8471011662522641,894.0,0.0,0.0,0.0,0.0,0.0,0.0
0.0,0.0,-78.79056462812382,4.0,0.042639567013032405,0.0,0.0,0.0,0.0,0.0,0.0,0.0,1.0,0.0,0.0,0.0,0.0,0.0,0.0,0.0,1.0,0.0,0.8519726848878694,898.0,0.0,0.0,0.0,0.0,0.0,0.0
0.0,0.0,-82.76087978251037,3.0,0.02680296302347257,1.0,0.0,1.0,0.0,0.0,0.0,0.0,0.0,0.0,0.0,1.0,0.0,0.0,0.0,0.0,0.0,0.0,0.6476667635716195,899.0,0.0,0.0,0.0,0.0,0.0,0.0
0.0,0.0,-80.2617469609833,2.0,0.04238190182752602,1.0,0.0,0.0,0.0,0.0,0.0,0.0,1.0,0.0,0.0,0.0,0.0,0.0,0.0,0.0,1.0,0.0,0.857197717571806,909.0,0.0,0.0,0.0,0.0,0.0,0.0
0.0,0.0,-40.24995988291391,0.0,0.04575462075688322,0.0,0.0,0.0,1.0,0.0,0.0,0.0,0.0,0.0,0.0,0.0,1.0,0.0,0.0,0.0,0.0,0.0,0.557786564610446,928.0,0.0,0.0,0.0,0.0,0.0,0.0
0.0,0.0,-40.04783989355357,3.0,0.04590082678828253,1.0,0.0,0.0,1.0,0.0,0.0,0.0,0.0,0.0,0.0,0.0,1.0,0.0,0.0,0.0,0.0,0.0,0.556949558544052,929.0,0.0,0.0,0.0,0.0,0.0,0.0
0.0,0.0,-91.126134534237,4.0,0.02974604140707211,1.0,0.0,0.0,1.0,0.0,0.0,0.0,0.0,0.0,0.0,0.0,1.0,0.0,0.0,0.0,0.0,0.0,0.7504856044873862,932.0,0.0,0.0,0.0,0.0,0.0,0.0
0.0,0.0,-24.75981962345842,0.0,0.07269225896153603,0.0,0.0,0.0,0.0,0.0,0.0,1.0,0.0,0.0,0.0,0.0,0.0,0.0,0.0,1.0,0.0,0.0,0.5474590250729515,936.0,0.0,0.0,0.0,0.0,0.0,0.0
0.0,0.0,-83.49940948490728,1.0,0.03660717032065617,0.0,0.0,0.0,0.0,0.0,1.0,0.0,0.0,0.0,0.0,0.0,0.0,0.0,1.0,0.0,0.0,0.0,0.8095731793096161,937.0,0.0,0.0,0.0,0.0,0.0,0.0
0.0,0.0,-26.316274332189632,1.0,0.05700974954193883,1.0,0.0,1.0,0.0,0.0,0.0,0.0,0.0,0.0,0.0,1.0,0.0,0.0,0.0,0.0,0.0,0.0,0.4727386358543989,940.0,0.0,0.0,0.0,0.0,0.0,0.0
0.0,0.0,-37.29680941916874,0.0,0.053677399949259755,0.0,0.0,0.0,0.0,0.0,1.0,0.0,0.0,0.0,0.0,0.0,0.0,0.0,1.0,0.0,0.0,0.0,0.5968982961256066,945.0,0.0,0.0,0.0,0.0,0.0,0.0
0.0,0.0,-168.12129543214914,0.0,0.01986312456555931,1.0,0.0,1.0,0.0,0.0,0.0,0.0,0.0,0.0,0.0,1.0,0.0,0.0,0.0,0.0,0.0,0.0,0.8494093914072816,946.0,0.0,0.0,0.0,0.0,0.0,0.0
0.0,0.0,-116.91807164426896,4.0,0.03603396166360048,0.0,0.0,0.0,0.0,0.0,0.0,1.0,0.0,0.0,0.0,0.0,0.0,0.0,0.0,1.0,0.0,0.0,0.9310918453552378,947.0,0.0,0.0,0.0,0.0,0.0,0.0
0.0,0.0,-130.71970950196757,3.0,0.03507436632685152,0.0,0.0,0.0,0.0,0.0,0.0,1.0,0.0,0.0,0.0,0.0,0.0,0.0,0.0,1.0,0.0,0.0,0.9514537009688848,949.0,0.0,0.0,0.0,0.0,0.0,0.0
0.0,0.0,-80.89376949530029,1.0,0.03132397988132237,0.0,0.0,0.0,1.0,0.0,0.0,0.0,0.0,0.0,0.0,0.0,1.0,0.0,0.0,0.0,0.0,0.0,0.71595342520193,957.0,0.0,0.0,0.0,0.0,0.0,0.0
0.0,0.0,-68.68727978942414,1.0,0.039524510276708794,0.0,0.0,0.0,0.0,0.0,1.0,0.0,0.0,0.0,0.0,0.0,0.0,0.0,1.0,0.0,0.0,0.0,0.7512692612324696,959.0,0.0,0.0,0.0,0.0,0.0,0.0
0.0,0.0,-75.24615236704517,3.0,0.04330386727949375,0.0,0.0,0.0,0.0,0.0,0.0,0.0,1.0,0.0,0.0,0.0,0.0,0.0,0.0,0.0,1.0,0.0,0.8387574047620868,961.0,0.0,0.0,0.0,0.0,0.0,0.0
0.0,0.0,-75.14971866699975,4.0,0.041252799833732735,1.0,0.0,0.0,0.0,0.0,0.0,1.0,0.0,0.0,0.0,0.0,0.0,0.0,0.0,1.0,0.0,0.0,0.8161830738520223,970.0,0.0,0.0,0.0,0.0,0.0,0.0
0.0,0.0,-92.81367055845824,2.0,0.033065190603851505,1.0,0.0,0.0,0.0,1.0,0.0,0.0,0.0,0.0,0.0,0.0,0.0,1.0,0.0,0.0,0.0,0.0,0.8114506499639886,986.0,0.0,0.0,0.0,0.0,0.0,0.0
0.0,0.0,-88.96944008207146,1.0,0.025836487844967653,0.0,0.0,1.0,0.0,0.0,0.0,0.0,0.0,0.0,0.0,1.0,0.0,0.0,0.0,0.0,0.0,0.0,0.6657933771334241,994.0,0.0,0.0,0.0,0.0,0.0,0.0
0.0,0.0,-60.245410919726076,0.0,0.04185324740496741,1.0,0.0,0.0,0.0,0.0,1.0,0.0,0.0,0.0,0.0,0.0,0.0,0.0,1.0,0.0,0.0,0.0,0.7134150108970897,996.0,0.0,0.0,0.0,0.0,0.0,0.0
0.0,0.0,-112.55344927100722,0.0,0.030968655718573528,0.0,0.0,0.0,0.0,1.0,0.0,0.0,0.0,0.0,0.0,0.0,0.0,1.0,0.0,0.0,0.0,0.0,0.8671730163668744,998.0,0.0,0.0,0.0,0.0,0.0,0.0
1.0,0.0,-71.34727877511818,3.0,0.03890808570389597,1.0,0.0,0.0,0.0,0.0,1.0,0.0,0.0,0.0,0.0,0.0,0.0,0.0,1.0,0.0,0.0,0.0,0.7625205064251303,1001.0,0.0,0.0,0.0,0.0,0.0,0.0
1.0,0.0,-85.3411209485504,4.0,0.026383954924876444,1.0,0.0,1.0,0.0,0.0,0.0,0.0,0.0,0.0,0.0,1.0,0.0,0.0,0.0,0.0,0.0,0.0,0.6552502372782874,1002.0,0.0,0.0,0.0,0.0,0.0,0.0
1.0,0.0,-39.85694558381918,1.0,0.04187103988430393,1.0,0.0,1.0,0.0,0.0,0.0,0.0,0.0,0.0,0.0,1.0,0.0,0.0,0.0,0.0,0.0,0.0,0.5148490935854643,1004.0,0.0,0.0,0.0,0.0,0.0,0.0
1.0,0.0,-56.815567070641734,1.0,0.05318386330692521,0.0,0.0,0.0,0.0,0.0,0.0,0.0,0.0,1.0,0.0,0.0,0.0,0.0,0.0,0.0,0.0,1.0,0.8041179768287162,1005.0,0.0,0.0,0.0,0.0,0.0,0.0
1.0,0.0,-122.68399506801092,4.0,0.0265799485242275,1.0,0.0,0.0,1.0,0.0,0.0,0.0,0.0,0.0,0.0,0.0,1.0,0.0,0.0,0.0,0.0,0.0,0.8390931853748054,1010.0,0.0,0.0,0.0,0.0,0.0,0.0
1.0,0.0,-36.978049816554815,3.0,0.044151266170989405,0.0,0.0,1.0,0.0,0.0,0.0,0.0,0.0,0.0,0.0,1.0,0.0,0.0,0.0,0.0,0.0,0.0,0.5057971920825418,1030.0,0.0,0.0,0.0,0.0,0.0,0.0
1.0,0.0,-67.17171734534162,3.0,0.05014352750145642,1.0,0.0,0.0,0.0,0.0,0.0,0.0,0.0,1.0,0.0,0.0,0.0,0.0,0.0,0.0,0.0,1.0,0.8530579190487336,1032.0,0.0,0.0,0.0,0.0,0.0,0.0
1.0,0.0,-36.54386555103531,1.0,0.04869593902023918,1.0,0.0,0.0,1.0,0.0,0.0,0.0,0.0,0.0,0.0,0.0,1.0,0.0,0.0,0.0,0.0,0.0,0.5424227450264684,1042.0,0.0,0.0,0.0,0.0,0.0,0.0
1.0,0.0,-42.29927281315724,2.0,0.040182457480227,1.0,0.0,1.0,0.0,0.0,0.0,0.0,0.0,0.0,0.0,1.0,0.0,0.0,0.0,0.0,0.0,0.0,0.522547402339029,1048.0,0.0,0.0,0.0,0.0,0.0,0.0
1.0,0.0,-86.13740590769775,3.0,0.04654829352892653,1.0,0.0,0.0,0.0,0.0,0.0,0.0,0.0,1.0,0.0,0.0,0.0,0.0,0.0,0.0,0.0,1.0,0.9168357934639504,1057.0,0.0,0.0,0.0,0.0,0.0,0.0
1.0,0.0,-87.47255201825013,2.0,0.03916632979131074,0.0,0.0,0.0,0.0,0.0,0.0,1.0,0.0,0.0,0.0,0.0,0.0,0.0,0.0,1.0,0.0,0.0,0.8601505454757344,1064.0,0.0,0.0,0.0,0.0,0.0,0.0
1.0,0.0,-61.122727465033634,1.0,0.04675638070911102,1.0,0.0,0.0,0.0,0.0,0.0,0.0,1.0,0.0,0.0,0.0,0.0,0.0,0.0,0.0,1.0,0.0,0.7770296320943899,1073.0,0.0,0.0,0.0,0.0,0.0,0.0
1.0,0.0,-33.65011214537472,4.0,0.05492824797311525,0.0,0.0,0.0,0.0,1.0,0.0,0.0,0.0,0.0,0.0,0.0,0.0,1.0,0.0,0.0,0.0,0.0,0.559443488333804,1093.0,0.0,0.0,0.0,0.0,0.0,0.0
1.0,0.0,-22.754109585321288,4.0,0.06403880842742005,0.0,0.0,1.0,0.0,0.0,0.0,0.0,0.0,0.0,0.0,1.0,0.0,0.0,0.0,0.0,0.0,0.0,0.46200045269926415,1100.0,0.0,0.0,0.0,0.0,0.0,0.0
1.0,0.0,-47.911000783528706,0.0,0.05191203330838137,1.0,0.0,0.0,0.0,0.0,0.0,0.0,1.0,0.0,0.0,0.0,0.0,0.0,0.0,0.0,1.0,0.0,0.7063494343017516,1101.0,0.0,0.0,0.0,0.0,0.0,0.0
1.0,0.0,-35.29161996634352,0.0,0.04566188203316495,0.0,0.0,1.0,0.0,0.0,0.0,0.0,0.0,0.0,0.0,1.0,0.0,0.0,0.0,0.0,0.0,0.0,0.5005109686292137,1109.0,0.0,0.0,0.0,0.0,0.0,0.0
1.0,0.0,-109.42379396092569,3.0,0.036662713809853475,0.0,0.0,0.0,0.0,0.0,0.0,1.0,0.0,0.0,0.0,0.0,0.0,0.0,0.0,1.0,0.0,0.0,0.917005210797225,1114.0,0.0,0.0,0.0,0.0,0.0,0.0
1.0,0.0,-40.86305515230684,0.0,0.06103824259329558,1.0,0.0,0.0,0.0,0.0,0.0,0.0,0.0,1.0,0.0,0.0,0.0,0.0,0.0,0.0,0.0,1.0,0.707809946342955,1123.0,0.0,0.0,0.0,0.0,0.0,0.0
1.0,0.0,-86.4575222513545,4.0,0.030418400829795033,0.0,0.0,0.0,1.0,0.0,0.0,0.0,0.0,0.0,0.0,0.0,1.0,0.0,0.0,0.0,0.0,0.0,0.7350625143449865,1128.0,0.0,0.0,0.0,0.0,0.0,0.0
1.0,0.0,-64.97575492119748,1.0,0.030610829535656484,1.0,0.0,1.0,0.0,0.0,0.0,0.0,0.0,0.0,0.0,1.0,0.0,0.0,0.0,0.0,0.0,0.0,0.5937582551053275,1130.0,0.0,0.0,0.0,0.0,0.0,0.0
1.0,0.0,-39.83372465189498,0.0,0.04188809914692656,1.0,0.0,1.0,0.0,0.0,0.0,0.0,0.0,0.0,0.0,1.0,0.0,0.0,0.0,0.0,0.0,0.0,0.5147759701691572,1133.0,0.0,0.0,0.0,0.0,0.0,0.0
1.0,0.0,-33.65757659728657,1.0,0.0514414937276568,1.0,0.0,0.0,1.0,0.0,0.0,0.0,0.0,0.0,0.0,0.0,1.0,0.0,0.0,0.0,0.0,0.0,0.5304517906658163,1143.0,0.0,0.0,0.0,0.0,0.0,0.0
1.0,0.0,-62.92779369171783,3.0,0.04622503833593018,1.0,0.0,0.0,0.0,0.0,0.0,0.0,1.0,0.0,0.0,0.0,0.0,0.0,0.0,0.0,1.0,0.0,0.7857342835795575,1152.0,0.0,0.0,0.0,0.0,0.0,0.0
1.0,0.0,-104.87475404434548,4.0,0.023890686352329667,0.0,0.0,1.0,0.0,0.0,0.0,0.0,0.0,0.0,0.0,1.0,0.0,0.0,0.0,0.0,0.0,0.0,0.7101457340462232,1167.0,0.0,0.0,0.0,0.0,0.0,0.0
1.0,0.0,-60.71629683994095,0.0,0.03953851730855318,0.0,0.0,0.0,0.0,1.0,0.0,0.0,0.0,0.0,0.0,0.0,0.0,1.0,0.0,0.0,0.0,0.0,0.6880877426876744,1168.0,0.0,0.0,0.0,0.0,0.0,0.0
1.0,0.0,-60.52665848733249,4.0,0.04488784530472824,0.0,0.0,0.0,0.0,0.0,0.0,1.0,0.0,0.0,0.0,0.0,0.0,0.0,0.0,1.0,0.0,0.0,0.7516577695990434,1169.0,0.0,0.0,0.0,0.0,0.0,0.0
1.0,0.0,-98.57511753014836,3.0,0.028808885374785476,0.0,0.0,0.0,1.0,0.0,0.0,0.0,0.0,0.0,0.0,0.0,1.0,0.0,0.0,0.0,0.0,0.0,0.7738888120636489,1170.0,0.0,0.0,0.0,0.0,0.0,0.0
1.0,0.0,-54.56056157266632,3.0,0.05400632606321008,0.0,0.0,0.0,0.0,0.0,0.0,0.0,0.0,1.0,0.0,0.0,0.0,0.0,0.0,0.0,0.0,1.0,0.7920254100321673,1173.0,0.0,0.0,0.0,0.0,0.0,0.0
1.0,0.0,-91.63701222681789,0.0,0.0354198373624426,0.0,0.0,0.0,0.0,0.0,1.0,0.0,0.0,0.0,0.0,0.0,0.0,0.0,1.0,0.0,0.0,0.0,0.8370349625178438,1177.0,0.0,0.0,0.0,0.0,0.0,0.0
1.0,0.0,-40.981007882185985,2.0,0.04872022958744255,0.0,0.0,0.0,0.0,1.0,0.0,0.0,0.0,0.0,0.0,0.0,0.0,1.0,0.0,0.0,0.0,0.0,0.5956003339887013,1179.0,0.0,0.0,0.0,0.0,0.0,0.0
1.0,0.0,-70.79232504604764,4.0,0.042173064396704575,1.0,0.0,0.0,0.0,0.0,0.0,1.0,0.0,0.0,0.0,0.0,0.0,0.0,0.0,1.0,0.0,0.0,0.7983625235630838,1187.0,0.0,0.0,0.0,0.0,0.0,0.0
1.0,0.0,-152.28127969629804,1.0,0.02054736660924741,0.0,0.0,1.0,0.0,0.0,0.0,0.0,0.0,0.0,0.0,1.0,0.0,0.0,0.0,0.0,0.0,0.0,0.8204709349494113,1193.0,0.0,0.0,0.0,0.0,0.0,0.0
1.0,0.0,-28.87367027841124,2.0,0.06069754544512945,0.0,0.0,0.0,0.0,1.0,0.0,0.0,0.0,0.0,0.0,0.0,0.0,1.0,0.0,0.0,0.0,0.0,0.5357197969015969,1195.0,0.0,0.0,0.0,0.0,0.0,0.0
1.0,0.0,-36.09793952137461,3.0,0.05780396140279166,0.0,0.0,0.0,0.0,0.0,0.0,1.0,0.0,0.0,0.0,0.0,0.0,0.0,0.0,1.0,0.0,0.0,0.6170784417254859,1203.0,0.0,0.0,0.0,0.0,0.0,0.0
1.0,0.0,-49.01444374358372,2.0,0.05137177583829993,0.0,0.0,0.0,0.0,0.0,0.0,0.0,1.0,0.0,0.0,0.0,0.0,0.0,0.0,0.0,1.0,0.0,0.7126974396652312,1206.0,0.0,0.0,0.0,0.0,0.0,0.0
1.0,0.0,-62.53727112681184,0.0,0.03898794318242215,1.0,0.0,0.0,0.0,1.0,0.0,0.0,0.0,0.0,0.0,0.0,0.0,1.0,0.0,0.0,0.0,0.0,0.6960930259133755,1213.0,0.0,0.0,0.0,0.0,0.0,0.0
1.0,0.0,-20.844814688934953,0.0,0.08167084983012601,1.0,0.0,0.0,0.0,0.0,0.0,1.0,0.0,0.0,0.0,0.0,0.0,0.0,0.0,1.0,0.0,0.0,0.5232272245338134,1223.0,0.0,0.0,0.0,0.0,0.0,0.0
1.0,0.0,-32.40820220064019,4.0,0.06844976564924812,0.0,0.0,0.0,0.0,0.0,0.0,0.0,0.0,1.0,0.0,0.0,0.0,0.0,0.0,0.0,0.0,1.0,0.6476889084255748,1229.0,0.0,0.0,0.0,0.0,0.0,0.0
1.0,0.0,-50.97860077999482,2.0,0.03550267751192908,1.0,0.0,1.0,0.0,0.0,0.0,0.0,0.0,0.0,0.0,1.0,0.0,0.0,0.0,0.0,0.0,0.0,0.5499426326977216,1241.0,0.0,0.0,0.0,0.0,0.0,0.0
1.0,0.0,-36.60614006670415,0.0,0.044472302464133404,1.0,0.0,1.0,0.0,0.0,0.0,0.0,0.0,0.0,0.0,1.0,0.0,0.0,0.0,0.0,0.0,0.0,0.5046302228011542,1243.0,0.0,0.0,0.0,0.0,0.0,0.0
1.0,0.0,-45.478142735424925,2.0,0.051167302390266164,1.0,0.0,0.0,0.0,0.0,0.0,1.0,0.0,0.0,0.0,0.0,0.0,0.0,0.0,1.0,0.0,0.0,0.6720685979237435,1255.0,0.0,0.0,0.0,0.0,0.0,0.0
1.0,0.0,-50.25543801395893,2.0,0.04000282977640371,1.0,0.0,0.0,1.0,0.0,0.0,0.0,0.0,0.0,0.0,0.0,1.0,0.0,0.0,0.0,0.0,0.0,0.5989091170573753,1263.0,0.0,0.0,0.0,0.0,0.0,0.0
1.0,0.0,-63.05386797506797,4.0,0.031152610570223314,0.0,0.0,1.0,0.0,0.0,0.0,0.0,0.0,0.0,0.0,1.0,0.0,0.0,0.0,0.0,0.0,0.0,0.5877943294087067,1270.0,0.0,0.0,0.0,0.0,0.0,0.0
1.0,0.0,-86.03476365889551,4.0,0.03937753087106661,1.0,0.0,0.0,0.0,0.0,0.0,1.0,0.0,0.0,0.0,0.0,0.0,0.0,0.0,1.0,0.0,0.0,0.8554990189198941,1272.0,0.0,0.0,0.0,0.0,0.0,0.0
1.0,0.0,-56.227821393159836,1.0,0.04105132933711299,1.0,0.0,0.0,0.0,1.0,0.0,0.0,0.0,0.0,0.0,0.0,0.0,1.0,0.0,0.0,0.0,0.0,0.6679192013636495,1273.0,0.0,0.0,0.0,0.0,0.0,0.0
1.0,0.0,-55.78123547579912,3.0,0.03772058123173037,1.0,0.0,0.0,1.0,0.0,0.0,0.0,0.0,0.0,0.0,0.0,1.0,0.0,0.0,0.0,0.0,0.0,0.6212042312451322,1277.0,0.0,0.0,0.0,0.0,0.0,0.0
1.0,0.0,-62.12653075975396,3.0,0.041277974423849256,1.0,0.0,0.0,0.0,0.0,1.0,0.0,0.0,0.0,0.0,0.0,0.0,0.0,1.0,0.0,0.0,0.0,0.7221235057777143,1278.0,0.0,0.0,0.0,0.0,0.0,0.0
1.0,0.0,-53.06263833348448,3.0,0.04958702852846433,0.0,0.0,0.0,0.0,0.0,0.0,0.0,1.0,0.0,0.0,0.0,0.0,0.0,0.0,0.0,1.0,0.0,0.7353193030360795,1280.0,0.0,0.0,0.0,0.0,0.0,0.0
1.0,0.0,-30.54485821016955,0.0,0.07064823847672422,1.0,0.0,0.0,0.0,0.0,0.0,0.0,0.0,1.0,0.0,0.0,0.0,0.0,0.0,0.0,0.0,1.0,0.6337880932250815,1283.0,0.0,0.0,0.0,0.0,0.0,0.0
1.0,0.0,-60.59405175671935,3.0,0.0519484977393764,0.0,0.0,0.0,0.0,0.0,0.0,0.0,0.0,1.0,0.0,0.0,0.0,0.0,0.0,0.0,0.0,1.0,0.8232221232913124,1284.0,0.0,0.0,0.0,0.0,0.0,0.0
1.0,0.0,-33.04843008833767,2.0,0.06280277985687553,0.0,0.0,0.0,0.0,0.0,0.0,0.0,1.0,0.0,0.0,0.0,0.0,0.0,0.0,0.0,1.0,0.0,0.6144591667487747,1285.0,0.0,0.0,0.0,0.0,0.0,0.0
1.0,0.0,-23.94717159590659,1.0,0.06562358969891967,1.0,0.0,0.0,1.0,0.0,0.0,0.0,0.0,0.0,0.0,0.0,1.0,0.0,0.0,0.0,0.0,0.0,0.4905165001722984,1286.0,0.0,0.0,0.0,0.0,0.0,0.0
1.0,0.0,-152.16541249764563,0.0,0.028467158862817917,1.0,0.0,0.0,0.0,1.0,0.0,0.0,0.0,0.0,0.0,0.0,0.0,1.0,0.0,0.0,0.0,0.0,0.9383285503084615,1288.0,0.0,0.0,0.0,0.0,0.0,0.0
1.0,0.0,-33.446161675015695,2.0,0.05514045565950474,0.0,0.0,0.0,0.0,1.0,0.0,0.0,0.0,0.0,0.0,0.0,0.0,1.0,0.0,0.0,0.0,0.0,0.5584314709652083,1292.0,0.0,0.0,0.0,0.0,0.0,0.0
1.0,0.0,-85.1363465098687,1.0,0.041594940326311426,1.0,0.0,0.0,0.0,0.0,0.0,0.0,1.0,0.0,0.0,0.0,0.0,0.0,0.0,0.0,1.0,0.0,0.8734488880441287,1295.0,0.0,0.0,0.0,0.0,0.0,0.0
1.0,0.0,-337.0426368205653,2.0,0.02474749393315698,1.0,0.0,0.0,0.0,1.0,0.0,0.0,0.0,0.0,0.0,0.0,0.0,1.0,0.0,0.0,0.0,0.0,0.9988087054454783,1308.0,0.0,0.0,0.0,0.0,0.0,0.0
1.0,0.0,-46.20351438135898,4.0,0.05778450997513995,1.0,0.0,0.0,0.0,0.0,0.0,0.0,0.0,1.0,0.0,0.0,0.0,0.0,0.0,0.0,0.0,1.0,0.7427687983261877,1312.0,0.0,0.0,0.0,0.0,0.0,0.0
1.0,0.0,-40.831691392665384,4.0,0.05406661568872401,0.0,0.0,0.0,0.0,0.0,0.0,1.0,0.0,0.0,0.0,0.0,0.0,0.0,0.0,1.0,0.0,0.0,0.6452428883022614,1316.0,0.0,0.0,0.0,0.0,0.0,0.0
1.0,0.0,-20.580149433867845,2.0,0.07933449385500968,1.0,0.0,0.0,0.0,0.0,1.0,0.0,0.0,0.0,0.0,0.0,0.0,0.0,1.0,0.0,0.0,0.0,0.5058191938286007,1318.0,0.0,0.0,0.0,0.0,0.0,0.0
1.0,0.0,-69.08950434957839,2.0,0.04256558148216736,1.0,0.0,0.0,0.0,0.0,0.0,1.0,0.0,0.0,0.0,0.0,0.0,0.0,0.0,1.0,0.0,0.0,0.7910716234785737,1336.0,0.0,0.0,0.0,0.0,0.0,0.0
1.0,0.0,-55.563705118758975,1.0,0.041296352019796076,1.0,0.0,0.0,0.0,1.0,0.0,0.0,0.0,0.0,0.0,0.0,0.0,1.0,0.0,0.0,0.0,0.0,0.6648850171126207,1342.0,0.0,0.0,0.0,0.0,0.0,0.0
1.0,0.0,-37.92642272602879,0.0,0.04753061046553618,0.0,0.0,0.0,1.0,0.0,0.0,0.0,0.0,0.0,0.0,0.0,1.0,0.0,0.0,0.0,0.0,0.0,0.5481572834963115,1343.0,0.0,0.0,0.0,0.0,0.0,0.0
1.0,0.0,-34.509696844461445,4.0,0.06626058477869559,1.0,0.0,0.0,0.0,0.0,0.0,0.0,0.0,1.0,0.0,0.0,0.0,0.0,0.0,0.0,0.0,1.0,0.6631123142906001,1348.0,0.0,0.0,0.0,0.0,0.0,0.0
1.0,0.0,-29.490808968621483,1.0,0.056367105863841145,0.0,0.0,0.0,1.0,0.0,0.0,0.0,0.0,0.0,0.0,0.0,1.0,0.0,0.0,0.0,0.0,0.0,0.5132153310655743,1354.0,0.0,0.0,0.0,0.0,0.0,0.0
1.0,0.0,-60.867419140733425,0.0,0.051865330304249405,1.0,0.0,0.0,0.0,0.0,0.0,0.0,0.0,1.0,0.0,0.0,0.0,0.0,0.0,0.0,0.0,1.0,0.8245481489918447,1361.0,0.0,0.0,0.0,0.0,0.0,0.0
1.0,0.0,-66.85561964072484,0.0,0.0301113535322371,0.0,0.0,1.0,0.0,0.0,0.0,0.0,0.0,0.0,0.0,1.0,0.0,0.0,0.0,0.0,0.0,0.0,0.59957036595618,1369.0,0.0,0.0,0.0,0.0,0.0,0.0
1.0,0.0,-100.46568370633105,3.0,0.028593850414514635,1.0,0.0,0.0,1.0,0.0,0.0,0.0,0.0,0.0,0.0,0.0,1.0,0.0,0.0,0.0,0.0,0.0,0.7795872725559296,1377.0,0.0,0.0,0.0,0.0,0.0,0.0
1.0,0.0,-52.268920670979405,0.0,0.04260581829092776,1.0,0.0,0.0,0.0,1.0,0.0,0.0,0.0,0.0,0.0,0.0,0.0,1.0,0.0,0.0,0.0,0.0,0.6496548075516131,1378.0,0.0,0.0,0.0,0.0,0.0,0.0
1.0,0.0,-109.19504396076152,1.0,0.03668334299713229,1.0,0.0,0.0,0.0,0.0,0.0,1.0,0.0,0.0,0.0,0.0,0.0,0.0,0.0,1.0,0.0,0.0,0.916537177564839,1395.0,0.0,0.0,0.0,0.0,0.0,0.0
1.0,0.0,-41.51655053522194,0.0,0.05359768483169389,0.0,0.0,0.0,0.0,0.0,0.0,1.0,0.0,0.0,0.0,0.0,0.0,0.0,0.0,1.0,0.0,0.0,0.6492520374231204,1397.0,0.0,0.0,0.0,0.0,0.0,0.0
1.0,0.0,-58.53779067297341,4.0,0.03256730351180787,0.0,0.0,1.0,0.0,0.0,0.0,0.0,0.0,0.0,0.0,1.0,0.0,0.0,0.0,0.0,0.0,0.0,0.5737041076386985,1404.0,0.0,0.0,0.0,0.0,0.0,0.0
1.0,0.0,-53.101824623959004,0.0,0.03459291566921331,0.0,0.0,1.0,0.0,0.0,0.0,0.0,0.0,0.0,0.0,1.0,0.0,0.0,0.0,0.0,0.0,0.0,0.5566331881315636,1406.0,0.0,0.0,0.0,0.0,0.0,0.0
1.0,0.0,-39.96401307673366,4.0,0.04596190324189635,1.0,0.0,0.0,1.0,0.0,0.0,0.0,0.0,0.0,0.0,0.0,1.0,0.0,0.0,0.0,0.0,0.0,0.5566023785850395,1408.0,0.0,0.0,0.0,0.0,0.0,0.0
1.0,0.0,-45.34351434159342,2.0,0.05327352240750942,1.0,0.0,0.0,0.0,0.0,0.0,0.0,1.0,0.0,0.0,0.0,0.0,0.0,0.0,0.0,1.0,0.0,0.6912929284693622,1409.0,0.0,0.0,0.0,0.0,0.0,0.0
1.0,0.0,-157.43468947993335,0.0,0.02461161068999572,0.0,0.0,0.0,1.0,0.0,0.0,0.0,0.0,0.0,0.0,0.0,1.0,0.0,0.0,0.0,0.0,0.0,0.9059607192994993,1410.0,0.0,0.0,0.0,0.0,0.0,0.0
1.0,0.0,-92.11844580499316,3.0,0.02539686310564085,0.0,0.0,1.0,0.0,0.0,0.0,0.0,0.0,0.0,0.0,1.0,0.0,0.0,0.0,0.0,0.0,0.0,0.6748231887992997,1416.0,0.0,0.0,0.0,0.0,0.0,0.0
1.0,0.0,-112.51848544889268,4.0,0.027398630107748758,0.0,0.0,0.0,1.0,0.0,0.0,0.0,0.0,0.0,0.0,0.0,1.0,0.0,0.0,0.0,0.0,0.0,0.8135758110520663,1418.0,0.0,0.0,0.0,0.0,0.0,0.0
1.0,0.0,-62.10021321141909,4.0,0.031434032878801955,1.0,0.0,1.0,0.0,0.0,0.0,0.0,0.0,0.0,0.0,1.0,0.0,0.0,0.0,0.0,0.0,0.0,0.584827353345718,1419.0,0.0,0.0,0.0,0.0,0.0,0.0
1.0,0.0,-77.89879365088169,3.0,0.03186641644757557,1.0,0.0,0.0,1.0,0.0,0.0,0.0,0.0,0.0,0.0,0.0,1.0,0.0,0.0,0.0,0.0,0.0,0.7053524034752341,1422.0,0.0,0.0,0.0,0.0,0.0,0.0
1.0,0.0,-39.764564341984475,1.0,0.04193902711967078,1.0,0.0,1.0,0.0,0.0,0.0,0.0,0.0,0.0,0.0,1.0,0.0,0.0,0.0,0.0,0.0,0.0,0.5145581914137208,1430.0,0.0,0.0,0.0,0.0,0.0,0.0
1.0,0.0,-36.35915348026702,1.0,0.05757190643230976,1.0,0.0,0.0,0.0,0.0,0.0,1.0,0.0,0.0,0.0,0.0,0.0,0.0,0.0,1.0,0.0,0.0,0.6186513621288079,1431.0,0.0,0.0,0.0,0.0,0.0,0.0
1.0,0.0,-150.44681514273012,4.0,0.028546958004639012,0.0,0.0,0.0,0.0,1.0,0.0,0.0,0.0,0.0,0.0,0.0,0.0,1.0,0.0,0.0,0.0,0.0,0.9361572837998465,1433.0,0.0,0.0,0.0,0.0,0.0,0.0
1.0,0.0,-31.677767071865674,1.0,0.05709669744240398,1.0,0.0,0.0,0.0,1.0,0.0,0.0,0.0,0.0,0.0,0.0,0.0,1.0,0.0,0.0,0.0,0.0,0.5496503257370748,1436.0,0.0,0.0,0.0,0.0,0.0,0.0
1.0,0.0,-29.972245713635697,3.0,0.0713798481182506,0.0,0.0,0.0,0.0,0.0,0.0,0.0,0.0,1.0,0.0,0.0,0.0,0.0,0.0,0.0,0.0,1.0,0.6294776156411187,1438.0,0.0,0.0,0.0,0.0,0.0,0.0
1.0,0.0,-23.842263870913712,3.0,0.07145404829139915,0.0,0.0,0.0,0.0,0.0,1.0,0.0,0.0,0.0,0.0,0.0,0.0,0.0,1.0,0.0,0.0,0.0,0.5235296977586366,1440.0,0.0,0.0,0.0,0.0,0.0,0.0
1.0,0.0,-121.50485196882045,2.0,0.026667579076918094,1.0,0.0,0.0,1.0,0.0,0.0,0.0,0.0,0.0,0.0,0.0,1.0,0.0,0.0,0.0,0.0,0.0,0.8362795210762382,1446.0,0.0,0.0,0.0,0.0,0.0,0.0
1.0,0.0,-26.332634905124234,4.0,0.0718496516620558,1.0,0.0,0.0,0.0,0.0,0.0,0.0,1.0,0.0,0.0,0.0,0.0,0.0,0.0,0.0,1.0,0.0,0.5701719489785253,1449.0,0.0,0.0,0.0,0.0,0.0,0.0
1.0,0.0,-29.07473266721599,1.0,0.05693761221070205,1.0,0.0,0.0,1.0,0.0,0.0,0.0,0.0,0.0,0.0,0.0,1.0,0.0,0.0,0.0,0.0,0.0,0.5114999568710349,1466.0,0.0,0.0,0.0,0.0,0.0,0.0
1.0,0.0,-23.99866223707798,0.0,0.07113089569387825,1.0,0.0,0.0,0.0,0.0,1.0,0.0,0.0,0.0,0.0,0.0,0.0,0.0,1.0,0.0,0.0,0.0,0.5243827513632766,1469.0,0.0,0.0,0.0,0.0,0.0,0.0
1.0,0.0,-51.07397716871821,4.0,0.045281267412150376,0.0,0.0,0.0,0.0,0.0,1.0,0.0,0.0,0.0,0.0,0.0,0.0,0.0,1.0,0.0,0.0,0.0,0.6689093855008528,1488.0,0.0,0.0,0.0,0.0,0.0,0.0
1.0,0.0,-68.55399869810716,1.0,0.029683911884419864,0.0,0.0,1.0,0.0,0.0,0.0,0.0,0.0,0.0,0.0,1.0,0.0,0.0,0.0,0.0,0.0,0.0,0.6048016934945036,1489.0,0.0,0.0,0.0,0.0,0.0,0.0
1.0,0.0,-47.44915563381551,1.0,0.050112230534428225,1.0,0.0,0.0,0.0,0.0,0.0,1.0,0.0,0.0,0.0,0.0,0.0,0.0,0.0,1.0,0.0,0.0,0.683162799847926,1494.0,0.0,0.0,0.0,0.0,0.0,0.0
1.0,0.0,-152.36721862300533,4.0,0.02483992216338306,1.0,0.0,0.0,1.0,0.0,0.0,0.0,0.0,0.0,0.0,0.0,1.0,0.0,0.0,0.0,0.0,0.0,0.8980141675079746,1497.0,0.0,0.0,0.0,0.0,0.0,0.0
1.0,0.0,-36.89776431762159,4.0,0.04422001538498221,1.0,0.0,1.0,0.0,0.0,0.0,0.0,0.0,0.0,0.0,1.0,0.0,0.0,0.0,0.0,0.0,0.0,0.5055452209736808,1502.0,0.0,0.0,0.0,0.0,0.0,0.0
1.0,0.0,-51.0685481282789,2.0,0.04312566365116579,0.0,0.0,0.0,0.0,1.0,0.0,0.0,0.0,0.0,0.0,0.0,0.0,1.0,0.0,0.0,0.0,0.0,0.6440364801210404,1505.0,0.0,0.0,0.0,0.0,0.0,0.0
1.0,0.0,-129.03551631959039,0.0,0.03196242670552528,0.0,0.0,0.0,0.0,0.0,1.0,0.0,0.0,0.0,0.0,0.0,0.0,0.0,1.0,0.0,0.0,0.0,0.9251763474960087,1507.0,0.0,0.0,0.0,0.0,0.0,0.0
1.0,0.0,-55.36109782408204,2.0,0.0378778870384724,0.0,0.0,0.0,1.0,0.0,0.0,0.0,0.0,0.0,0.0,0.0,1.0,0.0,0.0,0.0,0.0,0.0,0.6195228583054104,1508.0,0.0,0.0,0.0,0.0,0.0,0.0
1.0,0.0,-103.56079096005264,2.0,0.028259344873951316,1.0,0.0,0.0,1.0,0.0,0.0,0.0,0.0,0.0,0.0,0.0,1.0,0.0,0.0,0.0,0.0,0.0,0.7887025162628064,1509.0,0.0,0.0,0.0,0.0,0.0,0.0
1.0,0.0,-33.25169188807244,4.0,0.0574888121471874,0.0,0.0,0.0,0.0,0.0,1.0,0.0,0.0,0.0,0.0,0.0,0.0,0.0,1.0,0.0,0.0,0.0,0.5749710374494728,1515.0,0.0,0.0,0.0,0.0,0.0,0.0
1.0,0.0,-39.59074987523137,4.0,0.04206781404753874,0.0,0.0,1.0,0.0,0.0,0.0,0.0,0.0,0.0,0.0,1.0,0.0,0.0,0.0,0.0,0.0,0.0,0.5140109288596201,1517.0,0.0,0.0,0.0,0.0,0.0,0.0
1.0,0.0,-30.94839555568029,0.0,0.05032049662445741,1.0,0.0,1.0,0.0,0.0,0.0,0.0,0.0,0.0,0.0,1.0,0.0,0.0,0.0,0.0,0.0,0.0,0.48697812575843435,1520.0,0.0,0.0,0.0,0.0,0.0,0.0
1.0,0.0,-55.15082247336523,2.0,0.03378202283016914,1.0,0.0,1.0,0.0,0.0,0.0,0.0,0.0,0.0,0.0,1.0,0.0,0.0,0.0,0.0,0.0,0.0,0.5630792199854464,1532.0,0.0,0.0,0.0,0.0,0.0,0.0
1.0,0.0,-34.00109646296982,1.0,0.05456909732725312,0.0,0.0,0.0,0.0,1.0,0.0,0.0,0.0,0.0,0.0,0.0,0.0,1.0,0.0,0.0,0.0,0.0,0.5611846360848158,1533.0,0.0,0.0,0.0,0.0,0.0,0.0
1.0,0.0,-185.51835703219786,3.0,0.01925206791489578,1.0,0.0,1.0,0.0,0.0,0.0,0.0,0.0,0.0,0.0,1.0,0.0,0.0,0.0,0.0,0.0,0.0,0.8767680470069463,1535.0,0.0,0.0,0.0,0.0,0.0,0.0
1.0,0.0,-62.89221222195094,2.0,0.04105392860966098,1.0,0.0,0.0,0.0,0.0,1.0,0.0,0.0,0.0,0.0,0.0,0.0,0.0,1.0,0.0,0.0,0.0,0.7256243847228072,1539.0,0.0,0.0,0.0,0.0,0.0,0.0
1.0,0.0,-94.78603222870407,3.0,0.025047695040663946,0.0,0.0,1.0,0.0,0.0,0.0,0.0,0.0,0.0,0.0,1.0,0.0,0.0,0.0,0.0,0.0,0.0,0.682380591520463,1545.0,0.0,0.0,0.0,0.0,0.0,0.0
1.0,0.0,-25.30463589260915,0.0,0.06859082214172432,1.0,0.0,0.0,0.0,0.0,1.0,0.0,0.0,0.0,0.0,0.0,0.0,0.0,1.0,0.0,0.0,0.0,0.531515132504027,1547.0,0.0,0.0,0.0,0.0,0.0,0.0
1.0,0.0,-102.02391619065982,0.0,0.028422814696600848,0.0,0.0,0.0,1.0,0.0,0.0,0.0,0.0,0.0,0.0,0.0,1.0,0.0,0.0,0.0,0.0,0.0,0.7842096315969738,1548.0,0.0,0.0,0.0,0.0,0.0,0.0
1.0,0.0,-73.41676470953195,0.0,0.038460391552217275,0.0,0.0,0.0,0.0,0.0,1.0,0.0,0.0,0.0,0.0,0.0,0.0,0.0,1.0,0.0,0.0,0.0,0.7710411770970965,1550.0,0.0,0.0,0.0,0.0,0.0,0.0
1.0,0.0,-26.947582420209542,0.0,0.05596071080420164,0.0,0.0,1.0,0.0,0.0,0.0,0.0,0.0,0.0,0.0,1.0,0.0,0.0,0.0,0.0,0.0,0.0,0.47466370745910913,1562.0,0.0,0.0,0.0,0.0,0.0,0.0
1.0,0.0,-97.36760658151287,3.0,0.028950751825395457,0.0,0.0,0.0,1.0,0.0,0.0,0.0,0.0,0.0,0.0,0.0,1.0,0.0,0.0,0.0,0.0,0.0,0.7701976363654153,1566.0,0.0,0.0,0.0,0.0,0.0,0.0
1.0,0.0,-27.760212619547655,4.0,0.06955413430166472,0.0,0.0,0.0,0.0,0.0,0.0,0.0,1.0,0.0,0.0,0.0,0.0,0.0,0.0,0.0,1.0,0.0,0.5796653182792291,1570.0,0.0,0.0,0.0,0.0,0.0,0.0
1.0,0.0,-23.124389960878148,2.0,0.08299776394692156,0.0,0.0,0.0,0.0,0.0,0.0,0.0,0.0,1.0,0.0,0.0,0.0,0.0,0.0,0.0,0.0,1.0,0.5768449242259843,1575.0,0.0,0.0,0.0,0.0,0.0,0.0
1.0,0.0,-44.52109413840337,1.0,0.046463635333317516,1.0,0.0,0.0,0.0,1.0,0.0,0.0,0.0,0.0,0.0,0.0,0.0,1.0,0.0,0.0,0.0,0.0,0.6128182006392534,1577.0,0.0,0.0,0.0,0.0,0.0,0.0
1.0,0.0,-56.396988868419356,1.0,0.04098985565702305,0.0,0.0,0.0,0.0,1.0,0.0,0.0,0.0,0.0,0.0,0.0,0.0,1.0,0.0,0.0,0.0,0.0,0.6686900972992346,1590.0,0.0,0.0,0.0,0.0,0.0,0.0
1.0,0.0,-91.29295678183567,0.0,0.03546556301682524,1.0,0.0,0.0,0.0,0.0,1.0,0.0,0.0,0.0,0.0,0.0,0.0,0.0,1.0,0.0,0.0,0.0,0.8359391186682407,1593.0,0.0,0.0,0.0,0.0,0.0,0.0
1.0,0.0,-46.86531598079099,1.0,0.050415306707030254,1.0,0.0,0.0,0.0,0.0,0.0,1.0,0.0,0.0,0.0,0.0,0.0,0.0,0.0,1.0,0.0,0.0,0.6798954481485084,1595.0,0.0,0.0,0.0,0.0,0.0,0.0
1.0,0.0,-55.56654597383948,0.0,0.04861684367556103,0.0,0.0,0.0,0.0,0.0,0.0,0.0,1.0,0.0,0.0,0.0,0.0,0.0,0.0,0.0,1.0,0.0,0.7487641986716564,1602.0,0.0,0.0,0.0,0.0,0.0,0.0
1.0,0.0,-93.29841102496121,4.0,0.035204002559379624,1.0,0.0,0.0,0.0,0.0,1.0,0.0,0.0,0.0,0.0,0.0,0.0,0.0,1.0,0.0,0.0,0.0,0.84224657301223,1607.0,0.0,0.0,0.0,0.0,0.0,0.0
1.0,0.0,-37.08791255914051,0.0,0.04405767754757036,1.0,0.0,1.0,0.0,0.0,0.0,0.0,0.0,0.0,0.0,1.0,0.0,0.0,0.0,0.0,0.0,0.0,0.506142036033084,1613.0,0.0,0.0,0.0,0.0,0.0,0.0
1.0,0.0,-31.029215647154896,3.0,0.05022174166673623,0.0,0.0,1.0,0.0,0.0,0.0,0.0,0.0,0.0,0.0,1.0,0.0,0.0,0.0,0.0,0.0,0.0,0.4872286135598468,1618.0,0.0,0.0,0.0,0.0,0.0,0.0
1.0,0.0,-24.903610087550277,2.0,0.0793535583187288,0.0,0.0,0.0,0.0,0.0,0.0,0.0,0.0,1.0,0.0,0.0,0.0,0.0,0.0,0.0,0.0,1.0,0.5906739540124557,1627.0,0.0,0.0,0.0,0.0,0.0,0.0
1.0,0.0,-116.23115677953689,4.0,0.032882614305171955,1.0,0.0,0.0,0.0,0.0,1.0,0.0,0.0,0.0,0.0,0.0,0.0,0.0,1.0,0.0,0.0,0.0,0.9013705363466853,1629.0,0.0,0.0,0.0,0.0,0.0,0.0
1.0,0.0,-37.166087780465034,2.0,0.056875993941020955,1.0,0.0,0.0,0.0,0.0,0.0,1.0,0.0,0.0,0.0,0.0,0.0,0.0,0.0,1.0,0.0,0.0,0.6234975476103175,1636.0,0.0,0.0,0.0,0.0,0.0,0.0
1.0,0.0,-53.35553323945085,1.0,0.042155757659265165,1.0,0.0,0.0,0.0,1.0,0.0,0.0,0.0,0.0,0.0,0.0,0.0,1.0,0.0,0.0,0.0,0.0,0.6547093830099707,1637.0,0.0,0.0,0.0,0.0,0.0,0.0
1.0,0.0,-29.0737303638735,0.0,0.060417285289770535,0.0,0.0,0.0,0.0,1.0,0.0,0.0,0.0,0.0,0.0,0.0,0.0,1.0,0.0,0.0,0.0,0.0,0.5367132936250537,1647.0,0.0,0.0,0.0,0.0,0.0,0.0
1.0,0.0,-67.90957468947147,0.0,0.039714154373820844,0.0,0.0,0.0,0.0,0.0,1.0,0.0,0.0,0.0,0.0,0.0,0.0,0.0,1.0,0.0,0.0,0.0,0.7479169640563826,1651.0,0.0,0.0,0.0,0.0,0.0,0.0
1.0,0.0,-52.847273223637465,0.0,0.04236392724119094,0.0,0.0,0.0,0.0,1.0,0.0,0.0,0.0,0.0,0.0,0.0,0.0,1.0,0.0,0.0,0.0,0.0,0.6523488942055922,1652.0,0.0,0.0,0.0,0.0,0.0,0.0
1.0,0.0,-52.31545124295244,3.0,0.03909486971333593,1.0,0.0,0.0,1.0,0.0,0.0,0.0,0.0,0.0,0.0,0.0,1.0,0.0,0.0,0.0,0.0,0.0,0.6072644402480062,1661.0,0.0,0.0,0.0,0.0,0.0,0.0
1.0,0.0,-71.87309516069769,0.0,0.03879180881615425,0.0,0.0,0.0,0.0,0.0,1.0,0.0,0.0,0.0,0.0,0.0,0.0,0.0,1.0,0.0,0.0,0.0,0.7647048851252206,1664.0,0.0,0.0,0.0,0.0,0.0,0.0
1.0,0.0,-42.96160409322974,0.0,0.03975796914555262,1.0,0.0,1.0,0.0,0.0,0.0,0.0,0.0,0.0,0.0,1.0,0.0,0.0,0.0,0.0,0.0,0.0,0.5246370861342462,1678.0,0.0,0.0,0.0,0.0,0.0,0.0
1.0,0.0,-36.22305166714325,3.0,0.054604918977355324,1.0,0.0,0.0,0.0,0.0,1.0,0.0,0.0,0.0,0.0,0.0,0.0,0.0,1.0,0.0,0.0,0.0,0.5911010413681907,1679.0,0.0,0.0,0.0,0.0,0.0,0.0
1.0,0.0,-37.644279914973055,4.0,0.06345848680964619,1.0,0.0,0.0,0.0,0.0,0.0,0.0,0.0,1.0,0.0,0.0,0.0,0.0,0.0,0.0,0.0,1.0,0.6855531846667571,1682.0,0.0,0.0,0.0,0.0,0.0,0.0
1.0,0.0,-81.4570779552442,0.0,0.04727157443567852,1.0,0.0,0.0,0.0,0.0,0.0,0.0,0.0,1.0,0.0,0.0,0.0,0.0,0.0,0.0,0.0,1.0,0.9038858394651912,1685.0,0.0,0.0,0.0,0.0,0.0,0.0
1.0,0.0,-67.98533513543308,3.0,0.03401106057386587,0.0,0.0,0.0,1.0,0.0,0.0,0.0,0.0,0.0,0.0,0.0,1.0,0.0,0.0,0.0,0.0,0.0,0.6688116953828314,1687.0,0.0,0.0,0.0,0.0,0.0,0.0
1.0,0.0,-51.526682547564334,1.0,0.050230262193989975,0.0,0.0,0.0,0.0,0.0,0.0,0.0,1.0,0.0,0.0,0.0,0.0,0.0,0.0,0.0,1.0,0.0,0.7268622750792676,1705.0,0.0,0.0,0.0,0.0,0.0,0.0
1.0,0.0,-56.04501134319586,4.0,0.04844161867073987,0.0,0.0,0.0,0.0,0.0,0.0,0.0,1.0,0.0,0.0,0.0,0.0,0.0,0.0,0.0,1.0,0.0,0.7512842047947041,1710.0,0.0,0.0,0.0,0.0,0.0,0.0
1.0,0.0,-45.717856607586754,3.0,0.053065261014426865,0.0,0.0,0.0,0.0,0.0,0.0,0.0,1.0,0.0,0.0,0.0,0.0,0.0,0.0,0.0,1.0,0.0,0.6935124551241701,1720.0,0.0,0.0,0.0,0.0,0.0,0.0
1.0,0.0,-77.980801343911,4.0,0.03185099553768033,0.0,0.0,0.0,1.0,0.0,0.0,0.0,0.0,0.0,0.0,0.0,1.0,0.0,0.0,0.0,0.0,0.0,0.7056455165617392,1725.0,0.0,0.0,0.0,0.0,0.0,0.0
1.0,0.0,-42.71366773381578,0.0,0.054841965524357196,0.0,0.0,0.0,0.0,0.0,0.0,0.0,1.0,0.0,0.0,0.0,0.0,0.0,0.0,0.0,1.0,0.0,0.6754771939509878,1727.0,0.0,0.0,0.0,0.0,0.0,0.0
1.0,0.0,-49.29451992739802,4.0,0.036280591842574664,1.0,0.0,1.0,0.0,0.0,0.0,0.0,0.0,0.0,0.0,1.0,0.0,0.0,0.0,0.0,0.0,0.0,0.5446300137421398,1730.0,0.0,0.0,0.0,0.0,0.0,0.0
1.0,0.0,-54.92223803335425,4.0,0.03804480947237617,1.0,0.0,0.0,1.0,0.0,0.0,0.0,0.0,0.0,0.0,0.0,1.0,0.0,0.0,0.0,0.0,0.0,0.6177639718373129,1736.0,0.0,0.0,0.0,0.0,0.0,0.0
1.0,0.0,-62.77806779927957,2.0,0.041086972385836945,1.0,0.0,0.0,0.0,0.0,1.0,0.0,0.0,0.0,0.0,0.0,0.0,0.0,1.0,0.0,0.0,0.0,0.7251041150418295,1739.0,0.0,0.0,0.0,0.0,0.0,0.0
1.0,0.0,-163.96840960525415,1.0,0.020029155221799728,1.0,0.0,1.0,0.0,0.0,0.0,0.0,0.0,0.0,0.0,1.0,0.0,0.0,0.0,0.0,0.0,0.0,0.8422028849143455,1740.0,0.0,0.0,0.0,0.0,0.0,0.0
1.0,0.0,-51.910368798012684,1.0,0.03509417601911033,1.0,0.0,1.0,0.0,0.0,0.0,0.0,0.0,0.0,0.0,1.0,0.0,0.0,0.0,0.0,0.0,0.0,0.5528799363595294,1751.0,0.0,0.0,0.0,0.0,0.0,0.0
1.0,0.0,-44.856491273556394,3.0,0.04842117157918526,1.0,0.0,0.0,0.0,0.0,1.0,0.0,0.0,0.0,0.0,0.0,0.0,0.0,1.0,0.0,0.0,0.0,0.6370460429994999,1758.0,0.0,0.0,0.0,0.0,0.0,0.0
1.0,0.0,-51.342088883192254,4.0,0.03951468242277037,1.0,0.0,0.0,1.0,0.0,0.0,0.0,0.0,0.0,0.0,0.0,1.0,0.0,0.0,0.0,0.0,0.0,0.6033225366325186,1760.0,0.0,0.0,0.0,0.0,0.0,0.0
1.0,0.0,-40.5932578965396,1.0,0.05114083052101422,1.0,0.0,0.0,0.0,0.0,1.0,0.0,0.0,0.0,0.0,0.0,0.0,0.0,1.0,0.0,0.0,0.0,0.6145633125203156,1775.0,0.0,0.0,0.0,0.0,0.0,0.0
1.0,0.0,-25.023484689837694,2.0,0.07418878975527117,0.0,0.0,0.0,0.0,0.0,0.0,0.0,1.0,0.0,0.0,0.0,0.0,0.0,0.0,0.0,1.0,0.0,0.5614439033745859,1786.0,0.0,0.0,0.0,0.0,0.0,0.0
1.0,0.0,-72.41893805381687,3.0,0.028786763235218293,0.0,0.0,1.0,0.0,0.0,0.0,0.0,0.0,0.0,0.0,1.0,0.0,0.0,0.0,0.0,0.0,0.0,0.6166300763986321,1797.0,0.0,0.0,0.0,0.0,0.0,0.0
1.0,0.0,-30.641882460770223,4.0,0.05834905122489923,1.0,0.0,0.0,0.0,1.0,0.0,0.0,0.0,0.0,0.0,0.0,0.0,1.0,0.0,0.0,0.0,0.0,0.5445036288300866,1801.0,0.0,0.0,0.0,0.0,0.0,0.0
1.0,0.0,-20.52488524694779,0.0,0.08947980253364005,1.0,0.0,0.0,0.0,0.0,0.0,0.0,0.0,1.0,0.0,0.0,0.0,0.0,0.0,0.0,0.0,1.0,0.5565383529760553,1802.0,0.0,0.0,0.0,0.0,0.0,0.0
1.0,0.0,-30.065451624723654,4.0,0.06631435471137127,1.0,0.0,0.0,0.0,0.0,0.0,0.0,1.0,0.0,0.0,0.0,0.0,0.0,0.0,0.0,1.0,0.0,0.5949177700929065,1815.0,0.0,0.0,0.0,0.0,0.0,0.0
1.0,0.0,-115.8052980567721,3.0,0.03291692263039977,0.0,0.0,0.0,0.0,0.0,1.0,0.0,0.0,0.0,0.0,0.0,0.0,0.0,1.0,0.0,0.0,0.0,0.9004752321957267,1816.0,0.0,0.0,0.0,0.0,0.0,0.0
1.0,0.0,-50.5308141244806,4.0,0.045524209212424914,0.0,0.0,0.0,0.0,0.0,1.0,0.0,0.0,0.0,0.0,0.0,0.0,0.0,1.0,0.0,0.0,0.0,0.6661754328129932,1820.0,0.0,0.0,0.0,0.0,0.0,0.0
1.0,0.0,-55.41877873425942,4.0,0.04135061759402142,0.0,0.0,0.0,0.0,1.0,0.0,0.0,0.0,0.0,0.0,0.0,0.0,1.0,0.0,0.0,0.0,0.0,0.6642212441238704,1822.0,0.0,0.0,0.0,0.0,0.0,0.0
1.0,0.0,-33.848201973251285,2.0,0.05472462068650986,1.0,0.0,0.0,0.0,1.0,0.0,0.0,0.0,0.0,0.0,0.0,0.0,1.0,0.0,0.0,0.0,0.0,0.5604262386521035,1824.0,0.0,0.0,0.0,0.0,0.0,0.0
1.0,0.0,-75.02926729463253,4.0,0.043346655335866166,1.0,0.0,0.0,0.0,0.0,0.0,0.0,1.0,0.0,0.0,0.0,0.0,0.0,0.0,0.0,1.0,0.0,0.8379196315548241,1827.0,0.0,0.0,0.0,0.0,0.0,0.0
1.0,0.0,-26.572371389444054,2.0,0.0714466528145938,1.0,0.0,0.0,0.0,0.0,0.0,0.0,1.0,0.0,0.0,0.0,0.0,0.0,0.0,0.0,1.0,0.0,0.5717682132115347,1828.0,0.0,0.0,0.0,0.0,0.0,0.0
1.0,0.0,-116.24496947728841,4.0,0.03819514231405853,1.0,0.0,0.0,0.0,0.0,0.0,0.0,1.0,0.0,0.0,0.0,0.0,0.0,0.0,0.0,1.0,0.0,0.9443048111463579,1837.0,0.0,0.0,0.0,0.0,0.0,0.0
1.0,0.0,-43.78125790028354,1.0,0.03925061878268947,1.0,0.0,1.0,0.0,0.0,0.0,0.0,0.0,0.0,0.0,1.0,0.0,0.0,0.0,0.0,0.0,0.0,0.5272239374225887,1842.0,0.0,0.0,0.0,0.0,0.0,0.0
1.0,0.0,-76.28079631246348,3.0,0.027982196513032156,1.0,0.0,1.0,0.0,0.0,0.0,0.0,0.0,0.0,0.0,1.0,0.0,0.0,0.0,0.0,0.0,0.0,0.628331676237287,1846.0,0.0,0.0,0.0,0.0,0.0,0.0
1.0,0.0,-82.32021542626113,4.0,0.031079833026564745,0.0,0.0,0.0,1.0,0.0,0.0,0.0,0.0,0.0,0.0,0.0,1.0,0.0,0.0,0.0,0.0,0.0,0.7209262254482075,1848.0,0.0,0.0,0.0,0.0,0.0,0.0
1.0,0.0,-85.98988147021066,0.0,0.034024931779729366,0.0,0.0,0.0,0.0,1.0,0.0,0.0,0.0,0.0,0.0,0.0,0.0,1.0,0.0,0.0,0.0,0.0,0.7885757910755197,1864.0,0.0,0.0,0.0,0.0,0.0,0.0
1.0,0.0,-99.6786160870195,4.0,0.03444511649480288,1.0,0.0,0.0,0.0,0.0,1.0,0.0,0.0,0.0,0.0,0.0,0.0,0.0,1.0,0.0,0.0,0.0,0.8610458378299417,1868.0,0.0,0.0,0.0,0.0,0.0,0.0
1.0,0.0,-46.45902915487931,4.0,0.04752998506873052,0.0,0.0,0.0,0.0,0.0,1.0,0.0,0.0,0.0,0.0,0.0,0.0,0.0,1.0,0.0,0.0,0.0,0.6453723450420552,1877.0,0.0,0.0,0.0,0.0,0.0,0.0
1.0,0.0,-203.99861700038593,2.0,0.023069204620750967,1.0,0.0,0.0,1.0,0.0,0.0,0.0,0.0,0.0,0.0,0.0,1.0,0.0,0.0,0.0,0.0,0.0,0.9567542633119136,1894.0,0.0,0.0,0.0,0.0,0.0,0.0
1.0,0.0,-173.6712777176146,2.0,0.02397449518309389,0.0,0.0,0.0,1.0,0.0,0.0,0.0,0.0,0.0,0.0,0.0,1.0,0.0,0.0,0.0,0.0,0.0,0.927858066520715,1900.0,0.0,0.0,0.0,0.0,0.0,0.0
1.0,0.0,-25.469144620366865,2.0,0.0626746570595809,1.0,0.0,0.0,1.0,0.0,0.0,0.0,0.0,0.0,0.0,0.0,1.0,0.0,0.0,0.0,0.0,0.0,0.49670804562968907,1901.0,0.0,0.0,0.0,0.0,0.0,0.0
1.0,0.0,-20.054516956217803,3.0,0.07872092845471726,0.0,0.0,0.0,0.0,1.0,0.0,0.0,0.0,0.0,0.0,0.0,0.0,1.0,0.0,0.0,0.0,0.0,0.49231867489560643,1902.0,0.0,0.0,0.0,0.0,0.0,0.0
1.0,0.0,-34.10991266892006,3.0,0.05660347993668428,1.0,0.0,0.0,0.0,0.0,1.0,0.0,0.0,0.0,0.0,0.0,0.0,0.0,1.0,0.0,0.0,0.0,0.5796414889371647,1905.0,0.0,0.0,0.0,0.0,0.0,0.0
1.0,0.0,-59.20744259552391,2.0,0.04530747886814159,1.0,0.0,0.0,0.0,0.0,0.0,1.0,0.0,0.0,0.0,0.0,0.0,0.0,0.0,1.0,0.0,0.0,0.7451863906657832,1911.0,0.0,0.0,0.0,0.0,0.0,0.0
1.0,0.0,-46.931894090630955,1.0,0.04727885068453949,0.0,0.0,0.0,0.0,0.0,1.0,0.0,0.0,0.0,0.0,0.0,0.0,0.0,1.0,0.0,0.0,0.0,0.6478148960939465,1912.0,0.0,0.0,0.0,0.0,0.0,0.0
1.0,0.0,-30.791144270891564,1.0,0.05816332659219983,1.0,0.0,0.0,0.0,1.0,0.0,0.0,0.0,0.0,0.0,0.0,0.0,1.0,0.0,0.0,0.0,0.0,0.5452452592092161,1917.0,0.0,0.0,0.0,0.0,0.0,0.0
1.0,0.0,-27.791459021046517,3.0,0.06750191422828532,1.0,0.0,0.0,0.0,0.0,0.0,1.0,0.0,0.0,0.0,0.0,0.0,0.0,0.0,1.0,0.0,0.0,0.5662429816903568,1923.0,0.0,0.0,0.0,0.0,0.0,0.0
1.0,0.0,-44.321734476330526,3.0,0.05883896310839785,1.0,0.0,0.0,0.0,0.0,0.0,0.0,0.0,1.0,0.0,0.0,0.0,0.0,0.0,0.0,0.0,1.0,0.7307452580665614,1926.0,0.0,0.0,0.0,0.0,0.0,0.0
1.0,0.0,-79.73037416362207,4.0,0.03505566743207723,1.0,0.0,0.0,0.0,1.0,0.0,0.0,0.0,0.0,0.0,0.0,0.0,1.0,0.0,0.0,0.0,0.0,0.7659466732175653,1937.0,0.0,0.0,0.0,0.0,0.0,0.0
1.0,0.0,-99.56919031593644,3.0,0.024469315558594964,0.0,0.0,1.0,0.0,0.0,0.0,0.0,0.0,0.0,0.0,1.0,0.0,0.0,0.0,0.0,0.0,0.0,0.6957100661635991,1941.0,0.0,0.0,0.0,0.0,0.0,0.0
1.0,0.0,-78.63729725856884,0.0,0.027530562331160014,1.0,0.0,1.0,0.0,0.0,0.0,0.0,0.0,0.0,0.0,1.0,0.0,0.0,0.0,0.0,0.0,0.0,0.6354086276248472,1952.0,0.0,0.0,0.0,0.0,0.0,0.0
1.0,0.0,-31.922169686966438,4.0,0.06899798677063225,0.0,0.0,0.0,0.0,0.0,0.0,0.0,0.0,1.0,0.0,0.0,0.0,0.0,0.0,0.0,0.0,1.0,0.6440824239496089,1957.0,0.0,0.0,0.0,0.0,0.0,0.0
1.0,0.0,-51.9339950645841,2.0,0.044907203381304384,0.0,0.0,0.0,0.0,0.0,1.0,0.0,0.0,0.0,0.0,0.0,0.0,0.0,1.0,0.0,0.0,0.0,0.6732172626443726,1962.0,0.0,0.0,0.0,0.0,0.0,0.0
1.0,0.0,-104.17563253728353,4.0,0.028195347411177255,1.0,0.0,0.0,1.0,0.0,0.0,0.0,0.0,0.0,0.0,0.0,1.0,0.0,0.0,0.0,0.0,0.0,0.7904815043426321,1969.0,0.0,0.0,0.0,0.0,0.0,0.0
1.0,0.0,-62.70689158442091,2.0,0.04110763980775797,1.0,0.0,0.0,0.0,0.0,1.0,0.0,0.0,0.0,0.0,0.0,0.0,0.0,1.0,0.0,0.0,0.0,0.7247794050865871,1996.0,0.0,0.0,0.0,0.0,0.0,0.0
